country,country_code,indicator,1972,1973,1974,1975,1976,1977,1978,1979,1980,1981,1982,1983,1984,1985,1986,1987,1988,1989,1990,1991,1992,1993,1994,1995,1996,1997,1998,1999,2000,2001,2002,2003,2004,2005,2006,2007,2008,2009,2010,2011,2012,2013,2014,2015,2016,2017,2018,2019,2020
Aruba,ABW,"Mortality rate, under-5 (per 1,000 live births)",NA,NA,NA,NA,NA,NA,NA,NA,NA,NA,NA,NA,NA,NA,NA,NA,NA,NA,NA,NA,NA,NA,NA,NA,NA,NA,NA,NA,NA,NA,NA,NA,NA,NA,NA,NA,NA,NA,NA,NA,NA,NA,NA,NA,NA,NA,NA,NA,NA
Afghanistan,AFG,"Mortality rate, under-5 (per 1,000 live births)",291,285.4,279.6,273.8,268,262.1,256,249.7,243.6,237.2,230.7,224.2,217.5,210.9,204.4,197.7,191.2,184.7,178.4,172.2,166.3,160.7,155.5,150.6,146,141.5,137.3,133.2,129.2,125.2,121.1,116.9,112.6,108.4,104.1,99.9,95.7,91.7,87.8,84,80.3,76.9,73.6,70.4,67.5,64.8,62.3,60.1,58
Angola,AGO,"Mortality rate, under-5 (per 1,000 live births)",NA,NA,NA,NA,NA,NA,NA,NA,237.3,234.6,232.1,229.9,227.9,226,224.6,223.8,223.3,222.9,222.8,222.6,222.7,222.7,222.5,221.7,220,217.4,213.8,209.6,204.4,198.4,191.5,183.8,175.1,166.1,156.4,147,137.7,128.7,120.4,112.5,105.1,98.5,92.9,88.1,84.1,80.6,77.3,74.2,71.5
Albania,ALB,"Mortality rate, under-5 (per 1,000 live births)",NA,NA,NA,NA,NA,NA,97.2,89.3,82.1,75.5,69.5,64.2,59.4,55.1,51.4,48.2,45.4,43,41,39.3,37.8,36.4,35.1,33.9,32.6,31.3,30,28.6,27.2,25.8,24.4,23,21.5,20,18.5,17.1,15.8,14.5,13.3,12.1,11.2,10.4,9.9,9.6,9.4,9.4,9.5,9.7,9.8
Andorra,AND,"Mortality rate, under-5 (per 1,000 live births)",NA,NA,NA,NA,NA,NA,NA,NA,NA,NA,NA,NA,NA,20.8,19.6,18.4,17.2,16.1,15.1,14.2,13.3,12.4,11.7,11,10.4,9.7,9.2,8.6,8.2,7.7,7.3,6.9,6.5,6.1,5.8,5.4,5.1,4.8,4.5,4.2,4,3.8,3.5,3.3,3.2,3,2.8,2.7,2.5
United Arab Emirates,ARE,"Mortality rate, under-5 (per 1,000 live births)",80.1,72.6,65.7,59.4,53.6,48.3,43.5,39.2,35.3,32,29.1,26.7,24.6,22.7,21.2,19.8,18.6,17.5,16.5,15.7,14.9,14.2,13.6,13.1,12.6,12.2,11.8,11.5,11.1,10.9,10.6,10.3,10.1,9.8,9.6,9.4,9.2,8.9,8.7,8.4,8.2,8,7.8,7.6,7.4,7.2,7,6.8,6.6
Argentina,ARG,"Mortality rate, under-5 (per 1,000 live births)",69.7,68.2,66.1,63.3,59.8,55.7,51.2,46.8,42.8,39.4,36.6,34.2,32.1,30.6,29.6,29.1,28.9,28.8,28.6,28.1,27.3,26.3,25.2,24.1,23.1,22.1,21.2,20.4,19.6,18.9,18.3,17.7,17.1,16.5,16.1,15.7,15.3,14.9,14.5,13.9,13.3,12.7,12.1,11.5,10.9,10.3,9.7,9.1,8.6
Armenia,ARM,"Mortality rate, under-5 (per 1,000 live births)",NA,NA,NA,NA,87.1,83.6,80.2,76.9,73.7,70.8,67.9,65.2,62.6,60.2,57.8,55.6,92.7,51.2,49.1,47,44.9,42.9,40.9,39,37.2,35.4,33.8,32.1,30.6,29.1,27.7,26.3,25,23.7,22.5,21.4,20.3,19.2,18.3,17.3,16.4,15.6,14.8,14.1,13.4,12.7,12.1,11.5,10.9
American Samoa,ASM,"Mortality rate, under-5 (per 1,000 live births)",NA,NA,NA,NA,NA,NA,NA,NA,NA,NA,NA,NA,NA,NA,NA,NA,NA,NA,NA,NA,NA,NA,NA,NA,NA,NA,NA,NA,NA,NA,NA,NA,NA,NA,NA,NA,NA,NA,NA,NA,NA,NA,NA,NA,NA,NA,NA,NA,NA
Antigua and Barbuda,ATG,"Mortality rate, under-5 (per 1,000 live births)",26.9,25.1,23.5,22.1,20.8,19.5,18.3,17.3,16.3,15.5,14.8,14.3,13.9,13.7,13.6,13.5,13.6,13.7,14,14.3,14.6,15,15.3,15.6,15.9,16,15.9,15.8,15.5,15.1,14.6,14.1,13.5,12.9,12.3,11.7,11.1,10.6,10,9.5,9,8.5,8.1,7.8,7.4,7.1,6.9,6.6,6.4
Australia,AUS,"Mortality rate, under-5 (per 1,000 live births)",20.3,19.4,18.4,17.3,16.2,15.2,14.4,13.6,13,12.5,12.2,11.9,11.6,11.3,11,10.6,10.2,9.7,9.2,8.7,8.2,7.7,7.3,7,6.8,6.6,6.4,6.3,6.2,6.1,6,5.9,5.8,5.7,5.6,5.4,5.2,5,4.8,4.5,4.3,4.1,4,3.9,3.8,3.8,3.7,3.7,3.7
Austria,AUT,"Mortality rate, under-5 (per 1,000 live births)",28.1,26.9,25.2,23.1,21,19.4,18.1,17.1,16.2,15.5,14.8,14.1,13.3,12.6,11.9,11.1,10.5,10,9.5,9.1,8.6,8,7.4,6.8,6.3,6,5.8,5.6,5.5,5.4,5.3,5.2,5.1,4.9,4.7,4.6,4.5,4.5,4.3,4.2,4,3.9,3.8,3.7,3.6,3.6,3.6,3.6,3.6
Azerbaijan,AZE,"Mortality rate, under-5 (per 1,000 live births)",NA,NA,NA,NA,NA,NA,NA,NA,NA,NA,109.6,107.1,104.5,102.1,99.9,98.1,96.5,95.5,95,95.2,95.6,95.7,95.2,93.9,91.7,88.4,84.4,79.6,74.4,69.3,64.3,59.7,55.6,51.9,48.6,45.5,42.7,39.9,37.3,34.9,32.5,30.3,28.2,26.3,24.5,22.8,21.5,20.4,19.4
Burundi,BDI,"Mortality rate, under-5 (per 1,000 live births)",317.3,252.1,252.1,251.7,250.4,247,241.6,234,224.9,214.3,203.6,192.9,183.3,176.1,171.3,168.7,168.1,168.8,170.1,171.3,172.4,193.8,172.7,172,170.1,167.5,163.8,159.3,154.5,149.4,143.8,138.1,131.9,124.9,117.6,110.5,103.6,97.1,91,85.5,80.3,75.5,71.3,67.6,64.4,61.5,59,56.6,54.4
Belgium,BEL,"Mortality rate, under-5 (per 1,000 live births)",22,20.8,19.6,18.5,17.5,16.7,15.9,15.2,14.6,13.9,13.3,12.7,12.2,11.7,11.4,11,10.7,10.3,10,9.7,9.3,8.8,8.2,7.6,7.1,6.6,6.3,6,5.8,5.6,5.4,5.2,5.1,4.9,4.8,4.7,4.6,4.5,4.4,4.4,4.3,4.2,4.1,4.1,4.1,4.1,4.2,4.2,4.2
Benin,BEN,"Mortality rate, under-5 (per 1,000 live births)",251.4,246.6,241.7,236.7,231.6,226.5,221.7,217.1,212.7,208.5,204.5,200.5,196.7,192.8,188.9,185,181,176.9,172.9,168.9,164.8,160.9,157.1,153.4,150,146.6,143.4,140.1,136.8,133.7,130.5,127.4,124.4,121.5,118.8,116.2,113.7,111.3,109,106.7,104.4,102.1,99.8,97.6,95.4,93.2,90.9,88.4,85.9
Burkina Faso,BFA,"Mortality rate, under-5 (per 1,000 live births)",308.9,302.7,294.7,285.2,274.7,264.4,255,246.8,239.9,234.2,229.1,224.4,219.9,215.3,210.6,206.4,202.9,200.5,199.1,198.4,198.2,197.7,196.8,195.1,192.5,189.4,186.1,182.6,178.9,174.9,170.4,165.3,159.5,153.1,146.3,139.5,132.9,126.9,121.5,116.9,112.5,108.3,104.5,100.9,97.5,94.1,90.8,87.8,85
Bangladesh,BGD,"Mortality rate, under-5 (per 1,000 live births)",227.7,227.1,225.9,224.2,221.8,218.6,214.9,210.5,205.7,200.7,195.3,189.7,183.9,177.8,171.5,165.1,158.7,152.4,146.1,139.8,133.5,127.2,120.9,114.7,108.6,102.6,96.8,91.3,86,81.1,76.5,72.3,68.3,64.6,61,57.8,54.7,51.8,49.1,46.7,44.4,42.2,40.1,38.1,36.1,34.2,32.4,30.7,29.1
Bulgaria,BGR,"Mortality rate, under-5 (per 1,000 live births)",30,29.5,29.2,28.7,28.1,27.1,26,24.9,23.8,23,22.2,21.5,20.7,19.7,18.7,18,17.7,17.9,18.4,19,19.2,19.2,19.1,19.3,19.4,19.3,18.9,18.3,17.5,16.7,15.9,15.1,14.2,13.3,12.4,11.8,11.4,11.1,10.8,10.4,9.8,9.3,8.7,8.2,7.7,7.3,7,6.6,6.1
Bahrain,BHR,"Mortality rate, under-5 (per 1,000 live births)",62.3,56.5,51.5,47,43.2,39.9,37,34.4,32.2,30.3,28.7,27.3,26.1,25,24.2,23.7,23.4,23.2,23,22.7,22.1,21.1,19.7,18.1,16.6,15.2,14,13.1,12.5,12,11.6,11.3,11,10.6,10.2,9.8,9.3,8.9,8.5,8.2,8,7.8,7.7,7.6,7.5,7.3,7.1,7,6.8
"Bahamas, The",BHS,"Mortality rate, under-5 (per 1,000 live births)",31.3,31.5,31.6,31.5,31.2,30.9,30.4,29.9,29.4,29,28.7,28.4,28.1,27.8,27.3,26.6,25.6,24.6,23.5,22.4,21.3,20.3,19.4,18.5,17.7,17,16.5,16.3,16.3,16.4,16.5,16.7,16.8,16.8,16.7,16.5,16.2,15.9,15.6,15.2,14.9,14.6,14.3,14,13.7,13.3,13,22.4,12.3
Bosnia and Herzegovina,BIH,"Mortality rate, under-5 (per 1,000 live births)",NA,NA,NA,NA,NA,NA,NA,NA,NA,NA,NA,NA,29.4,27,24.9,23,21.2,19.6,18.1,16.8,35.5,35,26.1,14,12.2,11.5,10.9,10.3,9.9,9.6,9.3,9.2,9.1,8.9,8.6,8.3,7.9,7.5,7.2,6.9,6.7,6.5,6.4,6.3,6.2,6.1,6,5.9,5.7
Belarus,BLR,"Mortality rate, under-5 (per 1,000 live births)",NA,NA,NA,NA,NA,NA,NA,NA,21,20.2,19.4,18.7,18.1,17.6,17,16.4,15.9,15.5,15.2,15.2,15.3,15.5,15.7,15.7,15.5,15.1,14.5,13.7,12.7,11.8,10.9,10.1,9.4,8.7,8,7.3,6.6,6.1,5.6,5.2,4.9,4.6,4.3,4.1,3.9,3.6,3.4,3.1,2.9
Belize,BLZ,"Mortality rate, under-5 (per 1,000 live births)",89.3,85.6,82.2,78.9,75.8,72.9,70.1,67.4,64.7,62.1,59.5,56.9,54.3,51.6,48.9,46.2,43.5,40.9,38.4,36,33.9,32,30.4,28.9,27.6,26.4,25.4,24.4,23.6,22.8,22.2,21.7,21.3,20.9,20.6,20.3,19.9,19.4,18.9,18.3,17.7,16.9,16.1,15.3,14.5,13.7,12.9,12.3,11.7
Bermuda,BMU,"Mortality rate, under-5 (per 1,000 live births)",NA,NA,NA,NA,NA,NA,NA,NA,NA,NA,NA,NA,NA,NA,NA,NA,NA,NA,NA,NA,NA,NA,NA,NA,NA,NA,NA,NA,NA,NA,NA,NA,NA,NA,NA,NA,NA,NA,NA,NA,NA,NA,NA,NA,NA,NA,NA,NA,NA
Bolivia,BOL,"Mortality rate, under-5 (per 1,000 live births)",216.5,210.1,203.7,197.2,191.1,185,179.3,174,169,164.4,159.9,155.5,151,146.3,141.4,136.5,131.5,126.6,121.7,116.9,112.2,107.6,103,98.4,93.8,89.2,84.6,80.1,75.6,71.3,67.2,63.3,59.6,56.2,52.9,49.8,46.9,44.1,41.6,39.2,37,34.9,33,31.3,29.9,28.6,27.4,26.3,25.4
Brazil,BRA,"Mortality rate, under-5 (per 1,000 live births)",126.3,122.9,119.5,116.1,112.6,108.9,104.9,100.7,96.3,91.9,87.7,83.8,80.3,77,74,71.2,68.5,65.8,63.1,60.4,57.4,54.3,51.1,48,45,42.2,39.6,37.1,34.7,32.5,30.4,28.4,26.5,24.8,23.2,21.8,20.6,19.5,18.6,17.9,17.2,16.7,16.3,15.9,16.7,15.4,15.2,14.9,14.7
Barbados,BRB,"Mortality rate, under-5 (per 1,000 live births)",43.1,40.8,38.6,36.4,34.3,32.3,30.4,28.6,26.9,25.5,24.4,23.4,22.6,21.9,21.2,20.4,19.7,18.9,18.1,17.4,16.6,16,15.5,15.2,14.9,14.8,14.8,14.9,15.1,15.3,15.5,15.7,15.7,15.7,15.6,15.4,15.3,15.1,15,14.8,14.7,14.6,14.3,14,13.7,13.4,13,12.6,12.2
Brunei Darussalam,BRN,"Mortality rate, under-5 (per 1,000 live births)",45.9,41.6,37.5,33.7,30.4,27.4,24.9,22.6,20.7,19,17.6,16.5,15.6,14.8,14.2,13.8,13.5,13.3,13.3,13.3,13.2,13.1,12.8,12.4,12,11.5,11.1,10.7,10.3,10.1,9.8,9.7,9.6,9.5,9.5,9.5,9.5,9.6,9.7,9.8,10,10.2,10.4,10.6,10.8,11,11.2,11.4,11.5
Bhutan,BTN,"Mortality rate, under-5 (per 1,000 live births)",258.1,249.7,241.5,233.4,225.7,217.5,210,202.3,194.9,187.2,179.9,172.7,165.8,158.9,152.2,145.7,139.4,133.3,127.4,121.7,116.2,110.9,105.7,100.7,95.7,90.9,86.1,81.6,77.2,72.9,68.9,65,61.2,57.5,54.1,50.8,47.8,44.9,42.4,40,38,36.2,34.6,33.1,31.9,30.7,29.6,28.6,27.6
Botswana,BWA,"Mortality rate, under-5 (per 1,000 live births)",112.6,107.5,102.3,96.9,91.6,86.4,81.4,76.8,72.4,68.3,64.4,60.9,57.7,54.7,52.2,50.1,48.7,48.3,48.9,50.8,53.7,57.1,60.9,65.2,69.2,73,76.3,78.7,80.5,80,78.3,76.1,72.7,67,61.5,58.6,57.6,55.3,51.4,51.9,50.8,49.6,50.2,49.7,49.2,47.8,47,45.9,44.8
Central African Republic,CAF,"Mortality rate, under-5 (per 1,000 live births)",213.5,209.2,205.1,201.3,197.8,194.4,191.1,188.3,185.7,183.5,181.7,180.2,179,177.9,176.8,176,175.7,176.1,176.7,176.9,176.7,176.1,175.4,174.6,173.7,172.8,171.5,170.2,168.9,167.4,165.8,164.2,162.5,160.8,158.3,155.6,152.8,148.9,145,140.5,136.2,132.5,128.2,123.3,118.2,114.5,111.1,106.6,103
Canada,CAN,"Mortality rate, under-5 (per 1,000 live births)",19.9,18.9,17.9,17,16,15.1,14.2,13.3,12.5,11.8,11.2,10.6,10.1,9.8,9.4,9.1,8.8,8.5,8.2,8,7.7,7.4,7.2,6.9,6.7,6.5,6.4,6.3,6.2,6.2,6.2,6.2,6.1,6.1,6,6,5.9,5.8,5.7,5.7,5.6,5.5,5.4,5.4,5.3,5.2,5.1,5.1,5
Switzerland,CHE,"Mortality rate, under-5 (per 1,000 live births)",16.7,15.8,14.8,13.8,12.9,12.1,11.4,10.9,10.4,10,9.7,9.4,9.2,9,8.9,8.8,8.6,8.4,8.2,7.8,7.5,7.1,6.7,6.4,6.2,6,5.8,5.7,5.6,5.5,5.4,5.3,5.2,5.1,4.9,4.8,4.7,4.6,4.6,4.5,4.4,4.4,4.3,4.3,4.2,4.2,4.1,4,4
Channel Islands,CHI,"Mortality rate, under-5 (per 1,000 live births)",NA,NA,NA,NA,NA,NA,NA,NA,NA,NA,NA,NA,NA,NA,NA,NA,NA,NA,NA,NA,NA,NA,NA,NA,NA,NA,NA,NA,NA,NA,NA,NA,NA,NA,NA,NA,NA,NA,NA,NA,NA,NA,NA,NA,NA,NA,NA,NA,NA
Chile,CHL,"Mortality rate, under-5 (per 1,000 live births)",77.7,75.5,71.1,64.4,56.5,48.8,41.9,36.7,33,29.9,27,24.6,23,22.4,22.2,21.9,21.4,20.4,19.1,17.6,16.2,15,13.9,13.1,12.5,12.2,11.9,11.5,10.9,10.3,9.8,9.5,9.3,9.1,9,8.9,8.9,8.8,8.7,8.5,8.4,8.3,8.1,7.9,7.7,7.4,7.2,7,6.8
China,CHN,"Mortality rate, under-5 (per 1,000 live births)",101.3,95.7,90.2,84.7,79.4,74.5,70,66,62.6,59.9,57.6,55.9,54.8,54.2,53.9,53.9,54,54,53.7,53.2,52.2,50.9,49.3,47.5,45.6,43.5,41.4,39.1,36.7,34.1,31.5,28.8,26.3,24,21.9,20.1,18.5,17,15.8,14.6,13.5,12.5,11.6,10.7,9.9,9.2,8.5,7.9,7.3
Cote d'Ivoire,CIV,"Mortality rate, under-5 (per 1,000 live births)",229.3,220.9,212.4,203.8,195.5,187.7,180.6,174.5,169.5,165.1,161.6,158.7,156.4,154.5,153.3,152.5,152.2,152.4,152.8,153.2,153.6,153.9,153.8,153.3,152.2,150.6,148.5,146.1,143.3,140.1,136.7,133.1,129.5,125.6,122,118.2,114.2,109.9,106.3,103.1,100.1,97,93.6,90.8,88.4,86,83.2,80.3,77.9
Cameroon,CMR,"Mortality rate, under-5 (per 1,000 live births)",198.9,194.8,192.3,191,189.9,188.5,186.5,183.5,179.1,173.9,167.7,161.3,154.8,148.8,143.6,139.7,137.1,135.9,136.3,137.8,140,142.5,144.8,146.4,147.6,148.1,147.8,146.3,143.9,140.9,137.5,134,130.6,127.5,124.2,121,117.6,114.3,110.1,105.8,101.3,96.7,92.4,88,84.2,80.6,77.3,74.7,72.2
"Congo, Dem. Rep.",COD,"Mortality rate, under-5 (per 1,000 live births)",240.7,237.3,233.8,229.9,226.2,222.5,218.9,215.4,212,208.9,205.9,203,200.1,197.5,195,192.5,190.2,187.9,185.7,183.4,181.3,179.3,177.2,175.1,172.8,170.2,166.9,163.3,159.3,154.9,150.4,145.7,140.9,136.1,131.4,126.7,122.3,118,113.8,109.9,106.1,102.5,99.2,95.9,92.8,89.6,86.6,83.8,81.2
"Congo, Rep.",COG,"Mortality rate, under-5 (per 1,000 live births)",129.6,126.3,123.2,120.3,117.6,114.9,112.3,109.8,107.1,104.6,102,99.4,96.9,94.5,92.5,91,90.3,90.3,91.3,92.9,95.1,98.1,101.5,104.9,108.6,111.9,114.4,115.2,114.1,111.1,106.2,100.2,93.3,86.4,79.8,74,69,65,62,59.7,57.9,56.2,54.4,52.6,50.8,49.1,47.6,52.5,44.6
Colombia,COL,"Mortality rate, under-5 (per 1,000 live births)",90.1,86.3,82.4,78.2,74.1,69.9,65.9,62,58.3,54.8,51.5,48.6,45.9,43.6,41.5,39.7,38.2,36.8,35.6,34.4,33.2,32.1,31,29.9,28.8,27.8,26.8,25.9,25.1,24.3,23.5,22.8,22.1,21.5,20.8,20.2,19.5,18.9,18.3,17.7,17.1,16.6,16,15.5,15,14.6,14.1,13.6,13.2
Comoros,COM,"Mortality rate, under-5 (per 1,000 live births)",218.1,213,208,202.9,197.8,192.4,186.6,180.6,174.7,168.9,163.2,157.5,152.1,146.9,141.9,137.3,132.9,128.9,124.9,120.9,117,113.3,110.1,107.5,105.3,103.6,102.3,101.4,100.6,100.2,100.1,99.6,98.5,96.7,94.4,91.9,89.5,86.9,84.6,82,79.4,76.9,74.7,72.3,70.1,67.9,65.7,63.5,61.3
Cabo Verde,CPV,"Mortality rate, under-5 (per 1,000 live births)",131.4,124.8,118.3,112,106.2,100.9,96.4,92.8,90.1,88.1,86.4,84.8,82.6,79.6,75.7,71.3,67,63.2,60.3,58.7,57.9,57.7,57.5,56.6,54.6,51.3,47.1,42.5,38.1,34.4,31.6,29.8,28.6,28.1,27.9,27.8,27.5,27,26.3,25.2,24,22.5,21,19.5,18.1,16.8,15.8,14.9,14.2
Costa Rica,CRI,"Mortality rate, under-5 (per 1,000 live births)",64.6,58.3,51.8,45.3,39.3,33.9,29.5,26.4,24.4,23.4,22.9,22.7,22.5,22,21.2,20.1,18.8,17.7,16.8,16.1,15.6,15.3,15,14.9,14.7,14.4,14.1,13.6,13.1,12.6,12.1,11.8,11.5,11.3,11.2,11.1,10.9,10.7,10.5,10.2,9.9,9.6,9.3,9.1,8.9,8.7,8.4,8.2,7.9
Cuba,CUB,"Mortality rate, under-5 (per 1,000 live births)",32.9,31.4,29.9,28.4,27,25.7,24.4,23.2,22.1,21,20,19,18.1,17.3,16.4,15.7,14.9,14.2,13.6,12.9,12.4,11.8,11.3,10.8,10.4,9.9,9.5,9.2,8.8,8.5,8.2,7.9,7.6,7.4,7.2,6.9,6.7,6.5,6.4,6.2,6.1,5.9,5.8,5.7,5.5,5.4,5.3,5.2,5.1
Curacao,CUW,"Mortality rate, under-5 (per 1,000 live births)",NA,NA,NA,NA,NA,NA,NA,NA,NA,NA,NA,NA,NA,NA,NA,NA,NA,NA,NA,NA,NA,NA,NA,NA,NA,NA,NA,NA,NA,NA,NA,NA,NA,NA,NA,NA,NA,NA,NA,NA,NA,NA,NA,NA,NA,NA,NA,NA,NA
Cayman Islands,CYM,"Mortality rate, under-5 (per 1,000 live births)",NA,NA,NA,NA,NA,NA,NA,NA,NA,NA,NA,NA,NA,NA,NA,NA,NA,NA,NA,NA,NA,NA,NA,NA,NA,NA,NA,NA,NA,NA,NA,NA,NA,NA,NA,NA,NA,NA,NA,NA,NA,NA,NA,NA,NA,NA,NA,NA,NA
Cyprus,CYP,"Mortality rate, under-5 (per 1,000 live births)",35.4,33,30.4,27.7,25,22.4,20.3,19.2,18.7,18.4,17.7,16.4,14.8,13.2,12,11.4,11.2,11.2,11.2,11.2,10.8,10.2,9.6,9.1,8.5,8,7.5,6.9,6.5,6,5.6,5.2,4.8,4.5,4.2,3.9,3.7,3.5,3.4,3.2,3.1,3,2.9,2.9,2.9,2.8,2.8,2.8,2.8
Czech Republic,CZE,"Mortality rate, under-5 (per 1,000 live births)",NA,NA,NA,NA,NA,NA,NA,NA,NA,15.4,15,14.6,14.4,14.2,13.9,13.5,12.9,12.5,12.1,11.7,11.1,10.2,9.4,8.5,7.7,7,6.3,5.8,5.5,5.2,5,4.8,4.6,4.4,4.1,3.9,3.7,3.5,3.4,3.3,3.2,3.1,3.1,3.2,3.2,3.2,3.1,3,2.9
Germany,DEU,"Mortality rate, under-5 (per 1,000 live births)",24,23.1,22,20.8,19.5,18.3,17.1,16,15,14.1,13.2,12.4,11.8,11.1,10.6,10.1,9.5,9,8.5,8,7.6,7.2,6.8,6.5,6.2,5.9,5.7,5.5,5.4,5.2,5.1,5,4.9,4.7,4.6,4.5,4.4,4.3,4.2,4.1,4,4,4,3.9,3.9,3.9,3.8,3.7,3.7
Djibouti,DJI,"Mortality rate, under-5 (per 1,000 live births)",NA,NA,NA,NA,173.5,168.5,163.9,159.5,155,150.7,146.4,142.2,138.1,134.2,130.5,127,123.8,120.8,118.2,116,114.1,112.5,111,109.7,108.2,106.6,104.9,103,101,98.6,96.1,93.6,91.1,88.7,86.1,83.6,81.2,78.8,76.6,74.4,72.2,70.1,68,65.8,63.8,61.8,59.7,57.8,55.9
Dominica,DMA,"Mortality rate, under-5 (per 1,000 live births)",45.6,41.8,38.4,35.4,32.7,30.2,28.1,31.4,24.5,23.1,21.8,20.7,19.7,18.9,18.2,17.6,17.1,16.7,16.4,16.1,16,15.9,15.8,15.9,15.9,16.1,16.3,16.6,16.9,17.3,17.8,18.4,19,19.7,20.5,21.4,22.3,23.4,24.6,25.8,27.1,28.4,29.8,31.1,32.4,33.5,34.4,35,35.4
Denmark,DNK,"Mortality rate, under-5 (per 1,000 live births)",14.9,13.9,13.1,12.3,11.6,11.1,10.6,10.3,10,9.7,9.6,9.5,9.6,9.6,9.7,9.7,9.6,9.4,9,8.4,7.9,7.3,6.9,6.5,6.2,6,5.9,5.8,5.7,5.6,5.5,5.4,5.2,5,4.8,4.5,4.4,4.2,4.1,4.1,4.1,4.1,4.1,4.1,4.1,4,3.9,3.7,3.6
Dominican Republic,DOM,"Mortality rate, under-5 (per 1,000 live births)",116.8,113,108.9,104.8,100.9,97.2,93.6,90.2,86.9,83.7,80.6,77.7,74.9,72.2,69.6,67,64.5,62,59.5,57.1,54.7,52.4,50.1,48,46,44.2,42.6,41.2,40,39,38.1,37.4,36.9,36.4,36,35.7,35.5,35.3,35.1,35,35,35,35,35,35,34.9,34.8,34.4,33.8
Algeria,DZA,"Mortality rate, under-5 (per 1,000 live births)",227.5,220.2,212.1,203.1,193.8,184,173.8,162.8,150,135.3,119.2,102.8,87.3,74.5,65,58.4,53.9,51,49.1,47.7,46.6,45.5,44.4,43.3,42.3,41.4,40.7,40.2,39.7,38.9,37.8,36.5,35.1,33.6,32.1,30.7,29.5,28.4,27.4,26.7,26.2,25.8,25.5,25.2,24.8,24.3,23.8,23.3,22.7
Ecuador,ECU,"Mortality rate, under-5 (per 1,000 live births)",129.9,125.4,120.3,115,109.9,105,100.4,95.9,91.4,87,82.4,77.9,73.6,69.5,65.8,62.5,59.5,56.7,54.1,51.4,48.8,46.1,43.5,40.8,38.1,35.6,33.4,31.3,29.5,28,26.6,25.4,24.4,23.5,22.6,21.7,20.8,19.9,19,18.1,17.3,16.6,15.9,15.4,14.8,14.4,13.9,13.4,13
"Egypt, Arab Rep.",EGY,"Mortality rate, under-5 (per 1,000 live births)",238.5,232.9,225.7,217.1,207.6,197.6,187.7,177.9,168.3,158.8,148.9,138.9,128.7,118.8,109.9,102.1,95.6,90.2,85.6,81.4,77.3,73.1,68.8,64.5,60.4,56.5,52.9,49.6,46.6,43.9,41.5,39.4,37.5,35.7,34.2,32.7,31.3,29.9,28.7,27.5,26.3,25.3,24.3,23.3,22.5,21.7,20.9,20.1,19.5
Eritrea,ERI,"Mortality rate, under-5 (per 1,000 live births)",NA,NA,217.3,212.4,207.8,203.6,199.7,196.3,193.4,190.5,187.6,184.7,181.5,178.1,174.3,170,165,159.3,153,145.9,138.2,130.2,122.2,114.4,107.2,100.8,95,89.8,85.2,81.1,77.3,73.8,70.5,67.5,64.6,61.9,59.4,57.1,55.1,53.1,51.2,49.5,47.9,46.3,44.8,43.3,41.9,40.6,39.3
Spain,ESP,"Mortality rate, under-5 (per 1,000 live births)",NA,NA,23.6,21.8,20.2,18.7,17.3,16,14.9,13.9,13,12.3,11.7,11.1,10.7,10.3,9.9,9.5,9.1,8.7,8.3,7.8,7.4,6.9,6.5,6.1,5.8,5.6,5.4,5.3,5.1,5,4.9,4.7,4.5,4.4,4.2,4,3.8,3.7,3.6,3.5,3.4,3.3,3.3,3.3,3.3,3.3,3.2
Estonia,EST,"Mortality rate, under-5 (per 1,000 live births)",NA,NA,NA,NA,NA,NA,NA,NA,22.5,21.6,20.8,20.2,19.5,19,18.6,18.3,18,17.8,17.6,17.5,17.3,16.9,16.3,15.6,14.7,13.8,12.8,11.8,10.9,10.1,9.3,8.5,7.8,7.2,6.6,6,5.5,5,4.6,4.2,3.9,3.6,3.3,3.1,2.8,2.6,2.4,2.3,2.1
Ethiopia,ETH,"Mortality rate, under-5 (per 1,000 live births)",246.3,246,245.9,245.6,245.2,244.7,243.8,242.4,240.5,237.8,234.5,230.6,226.4,222.1,217.9,213.9,210,205.8,201.3,196.4,191,184.9,178.4,171.7,165.1,158.7,152.5,146.5,140.7,134.6,128.3,121.8,115.3,108.9,102.8,97,91.6,86.7,82,77.7,73.5,69.6,65.9,62.4,59,55.9,53.2,50.8,48.7
Finland,FIN,"Mortality rate, under-5 (per 1,000 live births)",14.6,13.9,13.1,12.3,11.4,10.6,9.9,9.2,8.7,8.2,7.9,7.6,7.5,7.3,7.3,7.2,7.1,6.9,6.7,6.4,6.1,5.8,5.5,5.2,4.9,4.7,4.6,4.4,4.3,4.2,4.1,4,3.9,3.7,3.6,3.5,3.3,3.2,3,2.9,2.8,2.7,2.6,2.5,2.4,2.4,2.4,2.3,2.3
Fiji,FJI,"Mortality rate, under-5 (per 1,000 live births)",55.9,55.5,54.9,54,52.6,50.9,49,46.8,44.6,42.5,40.4,38.5,36.8,35.3,33.9,32.6,31.3,30.1,29,27.9,26.9,26,25.2,24.5,23.8,23.3,22.9,22.6,22.4,22.3,22.4,22.5,22.8,23.1,23.4,23.7,23.8,23.7,23.6,23.6,23.5,23.7,23.9,24.4,24.9,25.5,26.2,26.9,27.4
France,FRA,"Mortality rate, under-5 (per 1,000 live births)",16.6,15.9,15.4,15,14.5,13.9,13.4,12.8,12.4,11.9,11.5,11.1,10.7,10.4,10.1,9.8,9.6,9.3,9,8.6,8.1,7.6,7,6.5,6.1,5.8,5.6,5.5,5.4,5.3,5.1,4.9,4.8,4.6,4.5,4.4,4.4,4.3,4.2,4.2,4.1,4.1,4.1,4.2,4.2,4.3,4.3,4.3,4.4
Faroe Islands,FRO,"Mortality rate, under-5 (per 1,000 live births)",NA,NA,NA,NA,NA,NA,NA,NA,NA,NA,NA,NA,NA,NA,NA,NA,NA,NA,NA,NA,NA,NA,NA,NA,NA,NA,NA,NA,NA,NA,NA,NA,NA,NA,NA,NA,NA,NA,NA,NA,NA,NA,NA,NA,NA,NA,NA,NA,NA
"Micronesia, Fed. Sts.",FSM,"Mortality rate, under-5 (per 1,000 live births)",76.6,74,71.5,69.2,67.1,65.3,63.7,62.3,61.2,60.3,59.5,58.8,57.8,56.7,55.4,53.8,52.1,50.5,49.1,47.8,46.8,45.8,44.9,43.9,42.8,41.6,40.3,39,37.8,36.7,35.9,35.2,34.8,34.7,34.6,34.5,34.2,33.7,33.1,32.3,31.6,30.7,29.9,28.9,28,27,26.2,25.4,24.7
Gabon,GAB,"Mortality rate, under-5 (per 1,000 live births)",153.6,148.8,144.2,139.7,135.4,131.1,127,123.1,119.3,115.6,112,108.7,105.7,102.8,100.2,97.9,95.8,94.1,92.5,91.2,90.1,89.2,88.4,87.7,87.1,86.3,85.4,84.3,82.9,81.4,79.6,77.8,75.8,73.6,71.6,69.2,66.7,64.2,61.7,59.3,57.1,54.9,52.8,50.3,47.4,45.5,44.1,43,41.7
United Kingdom,GBR,"Mortality rate, under-5 (per 1,000 live births)",20,19.4,18.7,18,17.2,16.4,15.7,14.9,14.1,13.4,12.7,12.2,11.7,11.4,11.1,10.8,10.4,9.9,9.3,8.7,8.2,7.7,7.4,7.2,7,6.9,6.8,6.7,6.5,6.4,6.3,6.2,6.1,6,5.9,5.8,5.6,5.4,5.2,5,4.8,4.7,4.5,4.5,4.4,4.4,4.3,4.3,4.2
Georgia,GEO,"Mortality rate, under-5 (per 1,000 live births)",NA,NA,NA,71.5,68.9,66.3,63.8,61.5,59.3,57.2,55.2,53.4,51.9,50.6,49.7,49,48.5,48.2,47.9,47.5,47.1,46.6,46,45.1,44,42.5,40.8,38.8,36.6,34.1,31.5,28.8,26.2,23.6,21.3,19.1,17.2,15.6,14.2,13,12.1,11.4,10.9,10.5,10.2,9.9,9.7,9.5,9.3
Ghana,GHA,"Mortality rate, under-5 (per 1,000 live births)",199.2,196,191.7,186.8,181.5,176.6,172.5,169.4,167.2,165.6,164,162,158.9,154.9,149.9,144.2,138.3,132.5,127.4,123.2,119.9,117.6,115.7,114.2,112.4,110.1,107.2,103.7,99.7,95.7,91.9,88.5,85.6,83,80.6,78,75.3,72.3,69.1,65.9,62.7,59.8,57.1,54.6,52.2,50.1,48.1,46.4,44.7
Gibraltar,GIB,"Mortality rate, under-5 (per 1,000 live births)",NA,NA,NA,NA,NA,NA,NA,NA,NA,NA,NA,NA,NA,NA,NA,NA,NA,NA,NA,NA,NA,NA,NA,NA,NA,NA,NA,NA,NA,NA,NA,NA,NA,NA,NA,NA,NA,NA,NA,NA,NA,NA,NA,NA,NA,NA,NA,NA,NA
Guinea,GIN,"Mortality rate, under-5 (per 1,000 live births)",314.1,310.9,307.1,303.2,299,294.4,289.7,284.9,280,275.1,270.4,265.8,261,256.4,251.7,247.1,242.4,237.3,231.8,225.9,219.5,212.9,206,199,192,185.2,178.2,171.2,164.2,157.4,150.9,144.9,139.5,134.7,130.4,126.6,123.3,120.3,117.7,115.3,113,110.7,109.2,107.3,104.6,102.6,100.4,98,95.6
"Gambia, The",GMB,"Mortality rate, under-5 (per 1,000 live births)",282,275.4,268.7,261.9,255.1,248.6,242.4,236.1,229.7,223.5,217,210.3,203.8,197.1,190.7,184.2,178,172.1,166.3,160.7,155.1,149.6,144,138.5,133.2,128.1,123,118.1,113.4,108.7,104.2,99.8,95.6,91.5,87.6,83.8,80.3,76.8,73.6,70.6,67.7,65,62.4,59.8,57.4,55.1,53.1,51.2,49.4
Guinea-Bissau,GNB,"Mortality rate, under-5 (per 1,000 live births)",NA,NA,NA,NA,NA,NA,NA,NA,NA,NA,NA,NA,NA,244,239.3,234.9,230.7,226.5,222.3,217.9,213.4,208.9,204.1,199.1,194.1,189.1,184.1,179,173.8,168.4,162.8,156.8,150.7,144.5,138.3,132.2,126.1,120.2,114.5,109.1,104.2,99.7,95.7,92.1,88.7,85.5,82.5,79.6,76.8
Equatorial Guinea,GNQ,"Mortality rate, under-5 (per 1,000 live births)",NA,NA,NA,NA,NA,NA,NA,NA,NA,NA,200.4,196.4,192.3,188.6,185.6,183.2,181.3,179.6,178,176.5,175.2,173.9,172.5,170.9,168.9,166.4,163.4,159.7,155.7,151.4,147.1,142.8,138.2,133.5,129,124.4,119.7,115.3,111.2,107.4,103.6,100.2,96.8,93.2,90,86.9,83.9,81.2,78.5
Greece,GRC,"Mortality rate, under-5 (per 1,000 live births)",28.2,27.6,27.1,26.4,25.3,23.8,22.3,20.9,19.5,18.2,17.1,16.1,15.4,14.7,13.8,12.8,11.8,11.1,10.4,9.9,9.4,9.1,8.8,8.5,8.1,7.7,7.3,6.9,6.4,6,5.6,5.2,4.9,4.6,4.3,4.1,4,3.9,3.9,4,4,4.1,4.3,4.4,4.4,4.3,4.2,4.2,4.1
Grenada,GRD,"Mortality rate, under-5 (per 1,000 live births)",52.9,51.2,49.5,47.7,45.9,44,42,40,38,36,34.1,32.3,30.6,29,27.5,26.1,24.8,23.6,22.4,21.2,20.2,19.2,18.4,17.6,17,16.5,16.1,15.8,15.5,15.2,15,14.8,14.7,14.6,14.6,14.6,14.7,14.9,15.1,15.3,15.5,15.8,16,16.2,16.4,16.6,16.6,16.5,16.4
Greenland,GRL,"Mortality rate, under-5 (per 1,000 live births)",NA,NA,NA,NA,NA,NA,NA,NA,NA,NA,NA,NA,NA,NA,NA,NA,NA,NA,NA,NA,NA,NA,NA,NA,NA,NA,NA,NA,NA,NA,NA,NA,NA,NA,NA,NA,NA,NA,NA,NA,NA,NA,NA,NA,NA,NA,NA,NA,NA
Guatemala,GTM,"Mortality rate, under-5 (per 1,000 live births)",160.6,155.6,150.6,145.7,161.8,136.1,131.3,126.6,122.1,117.5,134.7,108.7,104.4,100.1,95.9,91.9,87.9,84.1,80.4,76.9,73.4,70.2,67.2,64.3,61.6,59,56.6,54.3,52.1,50.1,48.1,46.2,44.4,42.7,41,39.4,37.8,36.3,34.8,33.4,32,30.7,29.5,28.3,27.3,26.4,25.4,24.5,23.6
Guam,GUM,"Mortality rate, under-5 (per 1,000 live births)",NA,NA,NA,NA,NA,NA,NA,NA,NA,NA,NA,NA,NA,NA,NA,NA,NA,NA,NA,NA,NA,NA,NA,NA,NA,NA,NA,NA,NA,NA,NA,NA,NA,NA,NA,NA,NA,NA,NA,NA,NA,NA,NA,NA,NA,NA,NA,NA,NA
Guyana,GUY,"Mortality rate, under-5 (per 1,000 live births)",73.3,73,72.8,72.5,72.1,71.7,71.2,70.6,70,69.3,68.6,67.9,67.2,66.4,65.5,64.5,63.3,62,60.6,59,57.4,55.8,54.2,52.8,51.4,50.1,48.9,47.6,46.4,45.2,44.2,43.2,42.2,41.4,40.5,39.7,39,38.2,37.4,36.7,35.9,35,34.1,33.1,32.1,31.2,30.2,29.3,28.4
"Hong Kong SAR, China",HKG,"Mortality rate, under-5 (per 1,000 live births)",NA,NA,NA,NA,NA,NA,NA,NA,NA,NA,NA,NA,NA,NA,NA,NA,NA,NA,NA,NA,NA,NA,NA,NA,NA,NA,NA,NA,NA,NA,NA,NA,NA,NA,NA,NA,NA,NA,NA,NA,NA,NA,NA,NA,NA,NA,NA,NA,NA
Honduras,HND,"Mortality rate, under-5 (per 1,000 live births)",134.9,129.4,148.7,118.9,113.9,108.9,104,99.4,94.8,90.4,86.1,82,78.1,74.3,70.7,67.3,64.1,61,58.2,55.5,53,50.6,48.4,46.3,44.3,42.4,63.7,38.7,37,35.3,33.7,32.1,30.6,29.2,27.9,26.7,25.5,24.4,23.3,22.4,21.5,20.7,20,19.2,18.6,18,17.4,16.8,16.2
Croatia,HRV,"Mortality rate, under-5 (per 1,000 live births)",NA,NA,NA,NA,NA,NA,NA,NA,NA,23.6,22.2,20.8,19.5,18.2,17,15.8,14.7,13.7,12.9,14,11.5,10.9,10.4,10,9.6,9.3,8.9,8.6,8.3,8,7.7,7.3,7,6.7,6.4,6.2,5.9,5.7,5.5,5.3,5.2,5.1,5,4.9,4.8,4.8,4.7,4.6,4.6
Haiti,HTI,"Mortality rate, under-5 (per 1,000 live births)",233.3,227.9,222.4,216.9,211.5,206.1,200.9,195.8,190.7,185.7,180.8,176,171.2,166.7,162.1,157.8,153.5,149.3,145.2,141,136.9,132.6,128.4,124.1,119.9,115.6,111.5,107.6,103.9,100.5,97.3,94.4,91.8,89.4,87.2,85.2,83.2,81.2,203.6,77.4,75.6,73.7,71.9,69.9,67.9,66,64.1,62.2,60.5
Hungary,HUN,"Mortality rate, under-5 (per 1,000 live births)",38.3,38.7,37.9,35.4,32.2,29.4,27,25.1,23.6,22.5,22.1,21.9,21.9,21.6,20.9,19.7,18.5,17.6,17.2,16.8,15.8,14.5,13.3,12.5,11.9,11.5,11.1,10.7,10.1,9.6,9,8.4,7.9,7.5,7.2,6.8,6.5,6.2,6,5.9,5.7,5.6,5.4,5.1,4.7,4.4,4.2,4.1,4
Indonesia,IDN,"Mortality rate, under-5 (per 1,000 live births)",155.7,150.6,145.7,141.1,136.7,132.5,128.5,124.6,120.9,117.2,113.5,109.8,106.2,102.5,98.9,95.2,91.5,87.8,84,80.3,76.6,73,69.5,66.2,63.1,60.1,57.4,54.7,52.2,49.8,47.6,45.5,49.6,41.7,39.9,38.3,36.7,35.2,33.8,32.5,31.2,30,28.8,27.7,26.6,25.6,24.6,23.8,23
Isle of Man,IMN,"Mortality rate, under-5 (per 1,000 live births)",NA,NA,NA,NA,NA,NA,NA,NA,NA,NA,NA,NA,NA,NA,NA,NA,NA,NA,NA,NA,NA,NA,NA,NA,NA,NA,NA,NA,NA,NA,NA,NA,NA,NA,NA,NA,NA,NA,NA,NA,NA,NA,NA,NA,NA,NA,NA,NA,NA
India,IND,"Mortality rate, under-5 (per 1,000 live births)",207,203.2,199.1,194.6,189.7,184.5,179.1,173.6,168.1,163,158.2,153.8,149.7,145.7,141.7,137.8,133.8,129.9,126.2,122.7,119.3,116,112.7,109.4,106,102.5,98.9,95.3,91.7,88.1,84.5,81.1,77.8,74.4,71.1,67.9,64.6,61.4,58.2,55,52,49,46.2,43.5,41,38.6,36.3,34.4,32.6
Ireland,IRL,"Mortality rate, under-5 (per 1,000 live births)",21.4,21.1,20.6,20,19.1,18,16.8,15.5,14.3,13.2,12.4,11.7,11.1,10.7,10.4,10.1,9.9,9.6,9.2,8.6,8.1,7.7,7.4,7.3,7.3,7.3,7.3,7.3,7.1,6.9,6.5,6,5.6,5.2,4.9,4.6,4.4,4.3,4.2,4.1,4,3.9,3.8,3.7,3.6,3.4,3.3,3.2,3
"Iran, Islamic Rep.",IRN,"Mortality rate, under-5 (per 1,000 live births)",179.7,170.9,162.2,153.5,144.6,135.4,126,117,108.2,100.1,92.8,86.6,81.1,76.3,71.9,67.9,64.1,60.6,57.5,54.6,52.1,49.9,47.8,45.9,44,42.1,40.2,38.2,36.2,34.2,32.2,30.2,28.2,26.4,24.7,23.1,21.7,20.4,19.3,18.3,17.5,16.8,16.1,15.5,14.9,14.4,13.9,13.4,12.9
Iraq,IRQ,"Mortality rate, under-5 (per 1,000 live births)",103.5,98.9,94.4,90.2,86.2,82.5,79,75.9,72.9,70.2,67.7,65.4,63.3,61.4,59.6,58,56.6,55.2,54.1,53,51.9,51,50.1,49.1,48.2,47.3,46.3,45.4,44.5,43.5,42.6,41.8,40.9,40,39.1,38.1,37.1,36,34.9,33.8,32.8,31.7,30.7,29.7,28.8,27.9,27,26.1,25.2
Iceland,ISL,"Mortality rate, under-5 (per 1,000 live births)",14.8,14.1,13.5,12.8,12.2,11.5,10.8,10.2,9.6,9.1,8.7,8.3,7.9,7.6,7.4,7.1,6.9,6.7,6.5,6.2,6,5.7,5.5,5.2,5,4.7,4.5,4.3,4.1,3.9,3.7,3.5,3.4,3.2,3.1,3,2.9,2.8,2.7,2.6,2.5,2.4,2.4,2.3,2.2,2.1,2.1,2,1.9
Israel,ISR,"Mortality rate, under-5 (per 1,000 live births)",27.7,27.2,26.4,25.3,23.7,22,20.4,19.1,18.1,17.3,16.6,15.9,15.2,14.4,13.7,13.1,12.5,12.1,11.6,11.1,10.5,9.9,9.2,8.6,8.2,7.8,7.5,7.2,6.9,6.6,6.4,6.1,5.8,5.6,5.3,5.1,4.9,4.7,4.6,4.4,4.3,4.1,4,3.9,3.8,3.8,3.7,3.6,3.6
Italy,ITA,"Mortality rate, under-5 (per 1,000 live births)",29.8,27.6,25.3,23.1,21.1,19.5,18.2,17,16.1,15.2,14.3,13.5,12.7,12,11.4,10.8,10.4,10,9.7,9.3,8.9,8.5,8,7.5,7,6.6,6.2,5.9,5.6,5.3,5,4.8,4.6,4.5,4.3,4.2,4.1,4.1,4,3.9,3.8,3.7,3.6,3.5,3.4,3.3,3.2,3,2.9
Jamaica,JAM,"Mortality rate, under-5 (per 1,000 live births)",53.2,51.3,49.5,47.9,46.3,44.9,43.5,42.2,41,39.8,38.6,37.5,36.4,35.3,34.3,33.3,32.3,31.3,30.4,29.5,28.6,27.7,26.8,25.9,25.1,24.3,23.6,22.9,22.2,21.6,21.1,20.7,20.3,19.9,19.6,19.2,18.9,18.5,18,17.5,17,16.5,16,15.5,15.1,14.6,14.2,13.7,13.3
Jordan,JOR,"Mortality rate, under-5 (per 1,000 live births)",81.1,77.2,73.5,70,66.7,63.6,60.7,57.8,55.2,52.7,50.3,48,45.9,43.9,42.1,40.3,38.7,37.3,36,34.8,33.7,32.7,31.7,30.8,30,29.1,28.3,27.6,26.8,26.1,25.3,24.6,23.9,23.2,22.5,21.9,21.3,20.7,20.1,19.5,19,18.4,17.9,17.5,17,16.4,16,15.5,15
Japan,JPN,"Mortality rate, under-5 (per 1,000 live births)",15.7,14.9,14,13.3,12.5,11.8,11.1,10.5,9.9,9.3,8.8,8.3,7.9,7.5,7.1,6.8,6.6,6.4,6.3,6.2,6.1,6,5.9,5.7,5.5,5.2,5,4.7,4.5,4.3,4.1,4,3.9,3.7,3.6,3.5,3.4,3.3,3.2,3.2,3,2.9,2.8,2.7,2.7,2.6,2.6,2.5,2.5
Kazakhstan,KAZ,"Mortality rate, under-5 (per 1,000 live births)",83.8,81.8,80,78.4,76.9,75.6,74.3,72.6,70.6,68.5,66.2,63.9,61.7,59.6,57.5,55.6,53.9,52.6,51.9,51.8,52.1,52.7,53.1,52.8,51.7,50,47.7,45.2,42.5,39.9,37.5,35.2,33.1,31,29,26.8,24.7,22.5,20.4,18.3,16.3,14.6,13,11.9,11,10.5,10.3,10.1,10
Kenya,KEN,"Mortality rate, under-5 (per 1,000 live births)",143.7,139.9,135.9,131.7,127.4,123.1,118.7,114.5,110.7,107.1,103.8,101,98.7,97.1,96.2,96.3,97.2,99,101.5,104.4,107.2,109.3,110.6,110.7,109.8,108,105.4,102.1,98.5,94.2,89.8,85.4,81,76.3,72,68,63.5,59.9,57.4,55.5,54.1,52.3,50.6,48.9,47.2,45.9,44.3,43,41.9
Kyrgyz Republic,KGZ,"Mortality rate, under-5 (per 1,000 live births)",NA,NA,NA,113,110.4,107.9,105.1,102.2,98.8,95.2,91.5,87.6,83.7,79.7,75.9,72.2,69.2,66.9,65.4,65.1,65.1,64.9,64.1,62.5,60.2,57.6,54.9,52.3,49.8,47.4,45.2,43.1,41.1,39.2,37.5,35.7,33.7,31.6,29.5,27.7,26.1,24.7,23.5,22.3,21.2,20.1,19.2,18.3,17.5
Cambodia,KHM,"Mortality rate, under-5 (per 1,000 live births)",NA,NA,NA,311.7,287.1,262.2,235.4,207.5,181.5,158.5,141,129.8,123.5,120,118,116.9,116.5,116.4,116.4,116.3,116.6,117.4,118.6,119.7,120.2,119.8,117.8,113.6,106.3,96.6,86.7,78,70.7,64.7,59.7,55.4,51.3,47.5,43.8,40.5,37.7,35.3,33.4,31.8,30.3,29,27.7,26.6,25.7
Kiribati,KIR,"Mortality rate, under-5 (per 1,000 live births)",132,128.7,126.3,124.7,123.5,122.4,121.4,120.1,118.6,116.9,115.1,113.2,110.9,108.5,105.7,102.6,99.1,95.5,91.8,88.3,85,82.1,79.5,77.3,75.3,73.5,71.7,69.8,68.1,66.6,65.5,64.8,64.6,64.7,65.1,65.5,65.6,65.2,64.4,63.3,62.1,60.8,59.2,57.6,56,54.5,52.8,51.2,49.6
St. Kitts and Nevis,KNA,"Mortality rate, under-5 (per 1,000 live births)",68.5,65.8,63.4,61.1,59,57,55,52.8,50.3,47.7,45,42.3,39.8,37.5,35.5,33.8,32.4,31.3,30.4,29.8,29.2,28.8,28.3,27.9,27.3,26.6,25.8,24.8,23.8,22.7,21.6,20.6,19.8,19.1,18.6,18.1,17.9,17.7,17.5,17.4,17.4,17.3,17.2,16.9,16.6,16.2,15.8,15.4,15
"Korea, Rep.",KOR,"Mortality rate, under-5 (per 1,000 live births)",53.6,50.6,48.1,46,44.1,42.3,40.4,38.4,36.2,34,31.6,29.3,26.9,24.6,22.4,20.4,18.6,17,15.6,14.4,13.2,12.2,11.3,10.5,9.7,9.1,8.5,8,7.5,7.1,6.8,6.4,6,5.6,5.2,4.8,4.5,4.3,4.1,4,3.8,3.7,3.6,3.5,3.4,3.3,3.2,3.1,3
Kuwait,KWT,"Mortality rate, under-5 (per 1,000 live births)",61.8,58.1,54.5,51.2,47.9,44.8,41.9,38.9,36,33,30,27.3,25,23,21.5,20.2,18.8,17.5,16.2,15.3,14.6,14.3,14.1,14,13.7,13.5,13.1,12.7,12.4,12.2,12,11.8,11.6,11.4,11.2,11.1,10.9,10.7,10.4,10,9.6,9.2,8.9,8.8,8.7,8.7,8.7,8.8,8.9
Lao PDR,LAO,"Mortality rate, under-5 (per 1,000 live births)",NA,NA,NA,NA,NA,NA,218.1,211.9,206.2,200.5,195.1,189.8,184.5,179.4,174.4,169.4,164.3,159.1,153.9,148.8,143.7,138.6,133.7,129,124.4,119.9,115.6,111.4,107.2,103.1,98.9,94.8,90.8,86.8,82.9,79.1,75.4,71.7,68.3,65.1,61.9,59,56.3,53.8,51.5,49.4,47.5,45.7,44.1
Lebanon,LBN,"Mortality rate, under-5 (per 1,000 live births)",60.3,59.3,58.3,57.3,56.2,54.8,53.4,51.9,50.3,48.6,46.8,45,43.1,41.2,39.3,37.4,35.7,34,32.4,30.9,29.5,28.2,26.9,25.7,24.5,23.3,22.2,21,19.9,18.7,17.5,16.4,15.2,14.1,13,12.1,11.4,10.7,10.2,9.7,9.3,9,8.6,8.3,8,7.7,7.4,7.2,7
Liberia,LBR,"Mortality rate, under-5 (per 1,000 live births)",276.8,272.3,267.6,263,258.5,254.5,250.9,247.3,244.1,241.2,238.8,237.5,237.7,239.5,243.2,248.3,254.2,259.9,264.4,266.5,265.6,262,255.8,247.4,237.6,226.6,214.8,202.4,189.7,176.6,163.7,151.3,139.8,129.6,121,114,108.2,103.6,99.8,96.7,94.2,92,92.1,88.3,86.1,84.3,82.5,80.4,78.3
Libya,LBY,"Mortality rate, under-5 (per 1,000 live births)",117.4,109.1,101.8,95.3,89.3,84,79.2,75,71,67.4,64,60.8,57.8,54.9,52,49.3,46.7,44.2,41.9,39.7,37.8,36,34.5,33.1,31.9,30.8,29.8,28.9,28.1,27.3,26.5,25.5,24.4,23.1,21.7,20.2,18.8,17.6,16.6,19.4,15,14.4,13.8,13.3,12.8,12.3,11.9,11.5,11.1
St. Lucia,LCA,"Mortality rate, under-5 (per 1,000 live births)",61.3,56,51.2,47,43.3,40.1,37.3,34.9,32.8,30.9,29.4,28,26.8,25.7,24.7,23.9,23.1,22.4,21.8,21.3,20.7,20.3,19.9,19.5,19.2,18.9,18.7,18.5,18.4,18.3,18.2,18.3,18.3,18.4,18.6,18.8,19,19.3,19.7,20,20.4,20.9,21.4,21.9,22.4,23,23.5,24,24.4
Liechtenstein,LIE,"Mortality rate, under-5 (per 1,000 live births)",NA,NA,NA,NA,NA,NA,NA,NA,NA,NA,NA,NA,NA,NA,NA,NA,NA,NA,NA,NA,NA,NA,NA,NA,NA,NA,NA,NA,NA,NA,NA,NA,NA,NA,NA,NA,NA,NA,NA,NA,NA,NA,NA,NA,NA,NA,NA,NA,NA
Sri Lanka,LKA,"Mortality rate, under-5 (per 1,000 live births)",68.6,67.6,66.1,64,61.1,57.6,53.8,49.9,46.2,43,40,36.8,33.4,30.2,27.4,25.2,23.8,27,22.8,22.4,22,21.4,20.7,19.9,19.2,18.5,17.8,17.1,16.5,16,15.5,15.1,28.9,14.2,13.5,12.8,12.2,21.3,11.4,10.9,10.4,9.8,9.3,8.7,8.2,7.8,7.5,7.2,6.9
Lesotho,LSO,"Mortality rate, under-5 (per 1,000 live births)",170.4,166,161.2,155.7,149.7,143.4,137.1,130.6,124,117.8,112,106.6,101.9,97.6,93.8,90.5,87.7,85.5,84,83.5,84,86.1,89.3,93.1,96.9,100,102.6,104.7,106.9,108.8,110.7,112.7,114.5,116.1,116.5,114.3,113,104.2,96.4,93.9,92.7,92.6,94.2,94.6,91.5,91,90.6,90.9,89.5
Lithuania,LTU,"Mortality rate, under-5 (per 1,000 live births)",21.1,21.7,22.2,22.5,22.5,22.3,21.9,21.2,20.4,19.7,19.2,18.8,18.2,17.5,16.4,15.1,14.2,14.3,15.2,16.5,17.8,18.1,17,15,13.3,12.3,11.6,11.1,10.7,10.3,9.9,9.5,9.3,9,8.6,8,7.3,6.7,6,5.5,5.2,5,4.9,4.9,4.8,4.4,4,3.6,3.3
Luxembourg,LUX,"Mortality rate, under-5 (per 1,000 live births)",19.9,18.8,17.7,16.7,15.8,15.1,14.4,13.8,13.3,12.9,12.5,12.1,11.6,11.2,10.8,10.3,9.9,9.4,8.8,8.3,7.8,7.3,6.8,6.3,5.9,5.5,5.1,4.8,4.5,4.2,4,3.8,3.5,3.4,3.2,3.1,3,2.9,2.8,2.8,2.8,2.8,2.8,2.8,2.8,2.8,2.8,2.8,2.8
Latvia,LVA,"Mortality rate, under-5 (per 1,000 live births)",NA,NA,NA,NA,NA,NA,NA,20.8,20.7,20.6,20.3,19.7,18.7,17.5,16.3,15.5,15.2,15.8,17,18.3,19.3,19.9,20,19.8,19,17.9,16.6,15.4,14.2,13.3,12.6,11.9,11.2,10.5,9.8,9.3,8.8,8.3,7.8,7.2,6.6,6,5.5,5,4.7,4.4,4.2,4.1,4
"Macao SAR, China",MAC,"Mortality rate, under-5 (per 1,000 live births)",NA,NA,NA,NA,NA,NA,NA,NA,NA,NA,NA,NA,NA,NA,NA,NA,NA,NA,NA,NA,NA,NA,NA,NA,NA,NA,NA,NA,NA,NA,NA,NA,NA,NA,NA,NA,NA,NA,NA,NA,NA,NA,NA,NA,NA,NA,NA,NA,NA
St. Martin (French part),MAF,"Mortality rate, under-5 (per 1,000 live births)",NA,NA,NA,NA,NA,NA,NA,NA,NA,NA,NA,NA,NA,NA,NA,NA,NA,NA,NA,NA,NA,NA,NA,NA,NA,NA,NA,NA,NA,NA,NA,NA,NA,NA,NA,NA,NA,NA,NA,NA,NA,NA,NA,NA,NA,NA,NA,NA,NA
Morocco,MAR,"Mortality rate, under-5 (per 1,000 live births)",181.8,177.7,173.1,167.8,161.9,155.3,148.4,141.4,134.4,127.6,121,114.7,108.6,102.9,97.6,92.8,88.3,84.3,80.6,77.2,73.9,70.8,67.8,64.8,62,59.4,56.9,54.5,52.3,50.1,48,45.9,43.7,41.5,39.3,37.1,35,33,31.2,29.5,27.8,26.3,24.9,23.5,22.3,21.2,20.3,19.5,18.7
Monaco,MCO,"Mortality rate, under-5 (per 1,000 live births)",NA,NA,NA,NA,NA,NA,NA,NA,NA,NA,NA,NA,NA,9.7,9.3,8.9,8.5,8.1,7.7,7.4,7.1,6.8,6.5,6.2,6,5.8,5.5,5.3,5.2,5,4.8,4.7,4.6,4.5,4.4,4.3,4.2,4.1,4,3.9,3.8,3.7,3.6,3.5,3.4,3.3,3.2,3.1,3
Moldova,MDA,"Mortality rate, under-5 (per 1,000 live births)",62.9,61.1,59.3,57.6,56,54.4,52.8,51.4,50.1,48.6,46.8,44.7,42.6,40.5,38.4,36.6,35,34,33.6,33.9,34.8,36.3,37.7,38.6,38.9,38.2,36.7,34.4,31.5,28.6,25.8,23.3,21.5,20.1,19,18.3,17.8,17.4,17.1,16.8,16.5,16.3,16,15.8,15.5,15.3,15,14.8,14.5
Madagascar,MDG,"Mortality rate, under-5 (per 1,000 live births)",153.9,156.3,158.9,161.4,163.8,165.9,167.9,170.1,172.2,174.5,176.6,178,178.3,177.4,175,171.4,166.9,161.6,156.1,150.7,145.7,140.8,136,131,125.9,120.7,115.5,110.3,105.4,100.8,96.5,92.4,88.5,84.8,81.3,77.9,74.8,72,69.3,67,64.8,62.7,60.8,59,57.2,55.5,53.7,51.9,50.2
Maldives,MDV,"Mortality rate, under-5 (per 1,000 live births)",236,224.2,212.2,200.3,189.1,178.6,168.5,158.9,149.9,141.6,133.9,126.7,119.9,113.5,107.3,101.4,95.9,90.7,85.7,80.9,76.2,71.6,67,62.2,57.5,52.8,48.1,43.5,39,34.6,30.7,27.1,26.9,21.5,19.3,17.6,16.1,14.9,13.9,12.9,12.1,11.3,10.5,9.8,9,8.3,7.6,7,6.5
Mexico,MEX,"Mortality rate, under-5 (per 1,000 live births)",99.1,95.4,91.8,88.3,84.9,81.5,78.2,74.9,71.7,68.5,65.5,62.6,59.8,57.2,54.6,52.2,49.9,47.6,45.4,43.4,41.4,39.5,37.6,35.9,34.2,32.7,31.2,29.7,28.4,27.1,26,24.9,23.9,22.9,22.1,21.3,20.6,19.9,19.2,18.5,17.9,17.3,16.8,16.2,15.7,15.2,14.6,14.1,13.7
Marshall Islands,MHL,"Mortality rate, under-5 (per 1,000 live births)",73.4,71.3,69.8,68.7,67.9,67.1,66.3,65.3,64.3,63.1,61.6,60,58.3,56.5,54.8,52.9,51.1,49.2,47.3,45.6,44,42.7,41.7,41.2,41.1,41.2,41.5,41.8,42,42.1,41.9,41.7,41.3,41,40.6,40.2,39.8,39.4,39,38.6,37.9,37.2,36.3,35.4,34.4,33.5,32.5,31.6,30.7
North Macedonia,MKD,"Mortality rate, under-5 (per 1,000 live births)",NA,NA,NA,NA,NA,NA,NA,NA,NA,57.8,55.3,52.5,50.6,50,49.1,46.9,43.6,40,36.9,34.5,33,31.4,28.5,24.5,21.1,19.2,18.4,17.4,16,14.8,14.3,14.4,14.3,13.7,13,12.3,11.7,11,10.4,10,10.1,10.6,11.2,11.4,10.9,9.6,8.1,6.8,5.9
Mali,MLI,"Mortality rate, under-5 (per 1,000 live births)",366.2,359.4,352,343.9,335.4,326.7,318.2,309.8,301.5,293.2,285,276.8,268.8,261.2,254.1,247.4,241.3,235.7,230.7,226.2,222.3,218.8,215.3,211.8,208.1,203.8,199,193.4,187.4,181.1,174.7,168.3,162.2,156.4,150.8,145.4,140.2,135.1,130.3,125.6,121,116.6,112.4,108.3,104.5,100.9,97.4,94.2,91
Malta,MLT,"Mortality rate, under-5 (per 1,000 live births)",25.2,23.9,22.6,21.4,20.3,19.3,18.4,17.6,16.9,16.3,15.7,15.1,14.5,13.9,13.3,12.7,12.2,11.7,11.3,10.9,10.5,10.2,9.8,9.5,9.1,8.7,8.4,8.1,7.8,7.5,7.3,7.2,7.1,7,6.9,6.8,6.8,6.7,6.7,6.6,6.6,6.6,6.6,6.6,6.6,6.6,6.5,6.5,6.5
Myanmar,MMR,"Mortality rate, under-5 (per 1,000 live births)",168.2,164.7,161.3,157.8,154.2,150.8,147.4,144.2,141.2,138.3,135.6,132.8,130.4,127.9,125.5,123.1,120.6,118.1,115.6,112.9,110.2,107.5,104.8,102.1,99.5,96.9,94.4,92,89.6,87.1,84.7,82.3,79.7,77.2,74.5,71.8,98.4,66.3,63.7,61,58.6,56.2,54.1,52.2,50.3,48.5,46.8,45.2,43.7
Montenegro,MNE,"Mortality rate, under-5 (per 1,000 live births)",NA,NA,NA,NA,NA,NA,NA,NA,NA,NA,NA,NA,27.3,24.8,22.5,20.5,18.8,17.5,16.5,15.8,15.4,15.2,15.1,15.1,15.1,15,14.9,14.6,14.2,13.6,12.9,12.2,11.4,10.5,9.7,8.9,8.1,7.4,6.7,6.1,5.5,4.9,4.4,4,3.6,3.2,2.9,2.6,2.4
Mongolia,MNG,"Mortality rate, under-5 (per 1,000 live births)",NA,NA,NA,NA,NA,NA,175,168.9,163,157.2,151.4,146,140.5,134.9,129.1,123.3,117.7,112.4,107.4,102.9,98.7,94.7,90.8,86.8,82.6,78.1,73.4,68.4,63.5,58.5,53.7,49.1,44.9,40.9,37.4,34.1,31.2,28.6,26.3,24.4,22.8,21.5,20.4,19.4,18.5,17.6,16.8,16,15.4
Northern Mariana Islands,MNP,"Mortality rate, under-5 (per 1,000 live births)",NA,NA,NA,NA,NA,NA,NA,NA,NA,NA,NA,NA,NA,NA,NA,NA,NA,NA,NA,NA,NA,NA,NA,NA,NA,NA,NA,NA,NA,NA,NA,NA,NA,NA,NA,NA,NA,NA,NA,NA,NA,NA,NA,NA,NA,NA,NA,NA,NA
Mozambique,MOZ,"Mortality rate, under-5 (per 1,000 live births)",272.4,271.7,270.9,269.9,269,268.5,268.1,268,268.1,268.1,267.3,265.6,263.3,260.5,257.3,254.2,251.1,248,244.9,241.6,237.8,233,227.1,219.8,211.2,201.5,191,180.5,170.4,161,152.6,145,138.2,132,126.2,118.8,112.9,107.3,104.9,100.5,96.3,92.3,88.4,84,80.4,78,75.6,72.9,70.6
Mauritania,MRT,"Mortality rate, under-5 (per 1,000 live births)",191,190.4,189.4,187.3,184.2,180,175.2,170.3,165.4,160.7,155.9,150.7,145.2,139.3,133.6,128.4,123.9,120.2,117.6,115.8,114.5,113.8,113.3,113.3,113.3,113.3,113.2,112.9,112.5,112.1,111.5,110.8,109.7,108.1,106.1,103.7,101.1,98.4,95.6,93,90.5,87.7,85.1,82.7,80.1,77.7,75.5,73,70.7
Mauritius,MUS,"Mortality rate, under-5 (per 1,000 live births)",81.9,81.9,73.6,63.2,55.3,50.2,46.7,43.9,41,37.4,33.8,31.1,29.5,28.8,28.7,28.5,27.3,25.2,23,21.6,21.1,21.2,21.7,22.3,22.7,22.6,21.8,20.4,18.8,17.5,16.6,16,15.8,15.6,15.5,15.2,14.9,14.6,14.5,14.6,14.9,15,14.8,14.5,14.5,14.9,15.4,16,16.5
Malawi,MWI,"Mortality rate, under-5 (per 1,000 live births)",333.3,325.1,316.4,307.3,298,288.2,277.8,266.9,258.2,250.7,246.3,246.2,249.5,254,257.2,257.9,256,251.6,245.7,238.1,230.3,222.8,215.8,209.5,204.6,199.7,193.6,185.5,174.6,160.5,145.5,131.6,119.7,110.5,104.2,99.9,94.5,89.4,84.2,77.6,70.7,63.4,57.6,53.3,49.5,46.2,43.1,40.6,38.6
Malaysia,MYS,"Mortality rate, under-5 (per 1,000 live births)",50.5,47.7,44.9,42.2,39.5,37.1,34.7,32.4,30.3,28.3,26.4,24.7,23.1,21.7,20.4,19.3,18.3,17.4,16.6,15.8,15.1,14.4,13.8,13.4,12.9,12.4,11.7,11,10.2,9.4,8.9,8.5,8.3,8.2,8.1,8.1,8.1,8.1,8.1,8,8,8,8,8.1,8.1,8.3,8.4,8.6,8.6
Namibia,"NAM","Mortality rate, under-5 (per 1,000 live births)",97.5,98.1,98.9,99.8,100.8,101.8,102.4,102.5,101.9,100.3,98.1,95,91.5,87.7,84,80.5,77.6,75,72.7,71,69.8,69.4,69.9,71.2,72.8,74.3,75.4,76,75.8,75.3,74.7,74.4,74.4,70.6,65.4,60.8,55.1,51.6,49.1,48.9,50.5,49.1,47.9,47.6,46.3,44.9,43.9,41.9,40.2
New Caledonia,NCL,"Mortality rate, under-5 (per 1,000 live births)",NA,NA,NA,NA,NA,NA,NA,NA,NA,NA,NA,NA,NA,NA,NA,NA,NA,NA,NA,NA,NA,NA,NA,NA,NA,NA,NA,NA,NA,NA,NA,NA,NA,NA,NA,NA,NA,NA,NA,NA,NA,NA,NA,NA,NA,NA,NA,NA,NA
Niger,NER,"Mortality rate, under-5 (per 1,000 live births)",337.4,340,341,339.9,337.3,333.2,328.6,324.2,321.8,321.3,323,326.8,331.3,335.6,338.4,339.2,337.8,334.5,329.6,323,314.4,304,292,278.9,266,254.2,243.9,234.2,224.9,215.2,204.5,193.1,181.5,170.2,159.3,149,139.3,130.3,121.9,114.5,108.2,102.7,98,93.8,90.1,86.6,83.5,80.3,77.5
Nigeria,NGA,"Mortality rate, under-5 (per 1,000 live births)",268.7,260.3,252,243.8,236,228.9,222.6,217.3,213,209.9,208,207.2,207.3,207.9,208.8,209.6,210.2,210.3,210,209.5,208.7,207.7,206.3,204.2,201.5,197.8,193.3,188.2,182.9,177.3,171.5,165.9,160.3,155,150.1,145.6,141.7,138.3,135.5,133.1,131.1,129.4,127.9,126.4,124.7,122.5,119.9,116.9,113.8
Nicaragua,NIC,"Mortality rate, under-5 (per 1,000 live births)",186.3,157.3,151.3,144.7,137.5,130.1,122.7,115.4,108.5,102,96.1,90.9,86.3,82.3,78.8,75.7,72.7,69.7,66.7,63.6,60.5,57.4,54.3,51.4,48.5,45.7,50.2,40.8,38.5,36.5,34.6,32.9,31.3,29.9,28.5,27.3,26.1,24.9,23.9,22.9,22,21.1,20.2,19.4,18.6,17.9,17.3,16.6,16
Netherlands,NLD,"Mortality rate, under-5 (per 1,000 live births)",14.7,14.1,13.6,13.1,12.6,12.1,11.6,11.2,10.9,10.6,10.4,10.2,9.9,9.7,9.5,9.2,8.9,8.6,8.3,8,7.7,7.4,7.1,6.9,6.7,6.5,6.4,6.3,6.2,6.1,5.9,5.7,5.5,5.3,5.1,4.9,4.7,4.6,4.4,4.3,4.2,4.1,4.1,4,4,4,4.1,4.1,4.2
Norway,NOR,"Mortality rate, under-5 (per 1,000 live births)",15,14.3,13.6,12.9,12.2,11.5,10.9,10.4,10.1,9.9,9.9,10,10.1,10.2,10.2,10.1,9.8,9.3,8.7,7.9,7.2,6.6,6.1,5.7,5.4,5.2,5.1,5,4.9,4.7,4.6,4.4,4.2,4.1,3.9,3.7,3.6,3.4,3.3,3.1,3,2.9,2.8,2.7,2.6,2.5,2.4,2.3,2.2
Nepal,NPL,"Mortality rate, under-5 (per 1,000 live births)",254.7,249.3,243.9,238.3,232.8,227,220.9,214.4,207.9,201.4,194.8,188.2,181.5,174.7,167.8,160.6,153.4,146.1,138.8,131.8,124.9,118.2,111.9,105.8,100,94.5,89.1,84,79.1,74.6,70.4,66.4,62.7,59.4,56.3,53.4,50.8,48.3,45.9,43.6,41.5,39.4,37.4,35.5,33.7,32.1,30.6,29.3,28.2
Nauru,NRU,"Mortality rate, under-5 (per 1,000 live births)",NA,NA,NA,NA,NA,NA,NA,NA,NA,NA,NA,NA,NA,85.7,81.8,77.9,74.1,70.6,67.2,63.9,60.7,57.7,55,52.4,50,47.8,45.9,44.1,42.6,41.3,40.2,39.4,38.8,38.5,38.4,38.4,38.3,38,37.5,36.9,36,35.1,34.1,33.2,32.3,31.3,30.4,29.5,28.5
New Zealand,NZL,"Mortality rate, under-5 (per 1,000 live births)",19.8,19.4,18.8,18.3,17.7,17.1,16.6,16.1,15.6,15.2,14.8,14.5,14.1,13.8,13.4,12.9,12.4,11.8,11.2,10.6,10,9.5,9.1,8.7,8.4,8.1,7.8,7.6,7.4,7.2,7,6.9,6.7,6.6,6.5,6.4,6.3,6.2,6.1,6,5.9,5.8,5.7,5.5,5.4,5.2,5,4.9,4.7
Oman,OMN,"Mortality rate, under-5 (per 1,000 live births)",204.3,192.2,180.2,168.1,156.3,144.6,132.9,121.8,110.9,100.5,90.7,81.5,73.1,65.6,58.9,53,47.9,43.3,39.2,35.5,32.1,29.2,26.5,24.2,22.3,20.5,19,17.6,16.5,15.4,14.5,13.8,13.2,12.8,12.5,12.2,12,11.8,11.7,11.6,11.4,11.3,11.2,11.2,11.2,11.2,11.1,11.1,11
Pakistan,PAK,"Mortality rate, under-5 (per 1,000 live births)",184,181.2,178.5,176,173.7,171.5,169.4,167.2,165.1,162.9,160.6,158.2,155.7,153.1,150.5,147.8,145.1,142.5,139.7,136.9,134.1,131,127.8,124.5,121.1,117.6,114.2,110.9,107.8,105,102.4,100.2,98.1,96.3,94.5,92.7,90.9,89.1,87.1,85,82.8,80.6,78.3,76,73.8,71.6,69.5,67.3,65.2
Panama,PAN,"Mortality rate, under-5 (per 1,000 live births)",60.2,57.4,54.7,52.3,50.3,48.4,46.8,45.3,43.9,42.4,40.9,39.5,38.1,36.7,35.4,34.3,33.2,32.2,31.3,30.5,29.9,29.3,28.8,28.3,27.9,27.5,27.1,26.6,26,25.4,24.8,24.1,23.5,22.9,22.3,21.7,21.1,20.5,19.9,19.3,18.7,18.1,17.6,17,16.4,15.9,15.4,14.8,14.3
Peru,PER,"Mortality rate, under-5 (per 1,000 live births)",155.9,151.3,146.7,142.4,138.5,135.1,132.1,129.3,126.4,123.2,119.5,115.2,110.4,105.1,99.6,94.3,89.2,84.6,80.2,75.9,71.4,66.9,62.4,57.8,53.4,49.1,45.2,41.5,38.2,35.3,32.7,30.4,28.3,26.5,24.9,23.4,22,20.8,19.8,18.8,17.9,17.1,16.4,15.7,15,14.4,13.8,13.3,12.8
Philippines,PHL,"Mortality rate, under-5 (per 1,000 live births)",82.6,82.4,82.4,82.4,82.2,81.9,81.4,80.6,79.7,78.7,77.6,76.3,74.8,72.8,70.3,67.2,63.8,60.2,56.6,53.3,50.4,47.8,45.6,43.7,42,40.6,39.4,38.5,37.7,36.9,36.2,35.5,34.9,34.2,33.6,33,32.5,32.1,31.7,31.3,30.9,30.5,30.1,29.6,29.1,28.5,27.9,27.1,26.4
Palau,PLW,"Mortality rate, under-5 (per 1,000 live births)",72.9,68.8,64.5,60.5,56.9,53.6,50.6,48.1,45.9,43.9,42.3,40.9,39.7,38.7,37.8,37.1,36.4,35.9,35.3,34.8,34.1,33.5,32.7,31.9,31.2,30.4,29.7,29.1,28.5,27.9,27.4,27,26.5,26,25.5,25,24.4,23.7,23.1,22.5,21.8,21.2,20.4,19.8,19.2,18.6,18,17.4,16.9
Papua New Guinea,PNG,"Mortality rate, under-5 (per 1,000 live births)",133.9,129.7,125.7,121.8,118.1,114.7,111.5,108.5,105.7,103,100.4,98.1,95.9,93.9,92,90.1,88.4,86.6,84.9,83.3,81.6,80.1,78.7,77.3,76,74.7,73.5,72.3,71.1,69.9,68.8,67.5,66.2,64.9,63.5,62.1,60.8,59.3,57.9,56.5,55.2,53.8,52.4,51,49.7,48.2,46.8,45.3,43.9
Poland,POL,"Mortality rate, under-5 (per 1,000 live births)",32.4,30.4,29,27.9,27,26.2,25.5,24.7,23.9,23.3,22.7,22,21.2,20.3,19.6,18.9,18.3,17.8,17.4,16.9,16.4,15.9,15.3,14.5,13.3,12,10.8,10,9.3,8.8,8.4,8.1,7.8,7.6,7.3,7,6.7,6.3,6,5.7,5.4,5.2,5,4.9,4.7,4.6,4.5,4.4,4.4
Puerto Rico,PRI,"Mortality rate, under-5 (per 1,000 live births)",NA,NA,NA,NA,NA,NA,NA,NA,NA,NA,NA,NA,NA,NA,NA,NA,NA,NA,NA,NA,NA,NA,NA,NA,NA,NA,NA,NA,NA,NA,NA,NA,NA,NA,NA,NA,NA,NA,NA,NA,NA,NA,NA,NA,NA,NA,NA,NA,NA
"Korea, Dem. People's Rep.",PRK,"Mortality rate, under-5 (per 1,000 live births)",NA,NA,NA,NA,NA,NA,NA,NA,NA,NA,NA,NA,NA,35.1,34.7,35.2,36.8,39.5,43.4,48.6,54.8,61.3,67.7,72.8,75.7,75.7,72.9,67.4,60,52.1,44.7,38.9,35,33,32.4,32.2,31.8,31,29.5,27.7,25.7,24,22.4,21.1,20,19,18.2,17.3,16.5
Portugal,PRT,"Mortality rate, under-5 (per 1,000 live births)",57.9,52.7,47.8,43.5,39.5,35.7,32.3,29.6,27.5,25.8,24.3,22.8,21.5,20.4,19.3,18.2,17,15.9,14.7,13.6,12.5,11.4,10.5,9.7,9.1,8.6,8.2,7.7,7.2,6.6,6.1,5.5,5,4.6,4.4,4.2,4,3.9,3.8,3.7,3.7,3.7,3.6,3.6,3.6,3.6,3.6,3.4,3.3
Paraguay,PRY,"Mortality rate, under-5 (per 1,000 live births)",76.2,75.3,74.2,73,71.6,70.1,68.5,66.8,65,63,60.9,58.9,56.8,54.8,52.8,50.9,49.1,47.2,45.5,43.9,42.3,40.9,39.6,38.4,37.3,36.4,35.5,34.7,33.9,33.1,32.3,31.6,30.8,30,29.3,28.5,27.7,26.9,26.2,25.4,24.6,23.8,23,22.3,21.6,20.9,20.2,19.5,18.9
West Bank and Gaza,PSE,"Mortality rate, under-5 (per 1,000 live births)",NA,NA,NA,107.7,101.4,95.4,89.7,84.5,79.5,74.8,70.4,66.4,62.6,59.1,55.8,52.7,49.9,47.3,45,42.9,41.1,39.4,37.8,36.3,35,33.7,32.5,31.4,30.4,29.4,28.5,27.6,26.8,25.9,25.1,24.3,23.5,22.7,22.1,21.4,20.8,20.3,19.7,19.2,18.6,18.1,17.5,17,16.5
French Polynesia,PYF,"Mortality rate, under-5 (per 1,000 live births)",NA,NA,NA,NA,NA,NA,NA,NA,NA,NA,NA,NA,NA,NA,NA,NA,NA,NA,NA,NA,NA,NA,NA,NA,NA,NA,NA,NA,NA,NA,NA,NA,NA,NA,NA,NA,NA,NA,NA,NA,NA,NA,NA,NA,NA,NA,NA,NA,NA
Qatar,QAT,"Mortality rate, under-5 (per 1,000 live births)",57.7,54,50.6,47.6,44.8,42.4,40.1,38.2,36.3,34.6,33,31.5,29.9,28.4,26.8,25.3,23.8,22.3,20.8,19.5,18.2,17.1,16.1,15.3,14.6,14,13.5,13,12.5,12,11.6,11.2,10.8,10.4,10.1,9.8,9.6,9.4,9.1,8.9,8.7,8.4,8.1,7.8,7.4,7,6.6,6.1,5.8
Romania,ROU,"Mortality rate, under-5 (per 1,000 live births)",46.3,45.4,44.5,42.6,40.4,38.7,37.6,36.7,35.8,34.5,32.8,31.2,30.8,31.7,33.2,34.3,34.5,33.4,31.3,29.4,28.3,28,27.8,27.3,26.6,25.6,24.4,23,21.6,20.5,20.1,20,19.4,18.1,16.6,15.2,14,13.1,12.4,11.8,11.2,10.6,9.9,9.2,8.5,7.9,7.4,7.1,6.9
Russian Federation,RUS,"Mortality rate, under-5 (per 1,000 live births)",34.8,33.4,32.1,31,30.1,29.4,28.7,28.1,27.6,27.1,26.6,26.1,25.6,24.9,24.2,23.4,22.6,22,21.6,21.5,21.6,21.8,21.9,21.8,21.5,21.2,20.7,20.1,19.3,18.3,17.2,16.1,14.9,13.8,12.8,11.9,11.2,10.7,10.4,10.1,9.8,9.4,8.9,8.2,7.5,6.9,6.3,5.8,5.4
Rwanda,RWA,"Mortality rate, under-5 (per 1,000 live births)",228.7,234.1,240.5,246.5,250.7,250.6,245,233.8,218.7,202,186.6,174.9,166.5,160,154.7,150.3,147.1,146.4,150.3,159.5,173.5,190.4,341.2,219.9,224.5,221.7,213.2,200.8,185.2,167.4,149.6,133.5,118.6,105.4,93.9,84.4,76.3,69.6,63.8,58.6,54.9,52,49.7,47.7,46,44.6,43.4,41.9,40.5
Saudi Arabia,SAU,"Mortality rate, under-5 (per 1,000 live births)",159.7,149.5,139.8,131,122.3,114.4,106.8,99.7,93.1,86.8,80.9,75.3,70,65,60.4,56,51.8,47.9,44.3,41,37.9,35.2,32.8,30.5,28.4,26.6,24.9,23.4,22,20.7,19.6,18.5,17.4,16.5,15.5,14.7,13.8,13,12.3,11.5,10.8,10.2,9.6,9.1,8.6,8.1,7.7,7.3,7
Sudan,SDN,"Mortality rate, under-5 (per 1,000 live births)",155.1,154.2,153.3,152.4,151.3,150.2,149,147.9,146.7,145.7,144.6,187.8,185.4,182.9,139.4,137.7,135.8,133.8,131.7,129.4,127.1,124.7,122.2,119.6,116.9,114,110.9,107.7,104.3,100.9,97.4,94.2,91,88.1,85.3,82.7,80.2,77.9,75.7,73.7,71.7,69.8,67.9,65.9,63.9,62,60.1,58.4,56.6
Senegal,SEN,"Mortality rate, under-5 (per 1,000 live births)",277.8,270.7,262.5,253.1,242.8,232.2,222,212.7,204.7,198.1,192,186,179.4,171.8,163.3,155,147.8,142.1,138.3,136.4,135.9,136.4,137.4,138.4,139,138.8,137.5,134.5,129.5,122.9,115.1,107,99.1,91.8,85.2,79.4,74.3,69.8,65.7,62.1,58.7,55.4,52.3,49.4,46.5,44,41.7,39.7,38.1
Singapore,SGP,"Mortality rate, under-5 (per 1,000 live births)",24.1,22.1,19.6,17.2,15.7,15.2,15.2,15.1,14.8,14.1,13.2,12.2,11.5,10.8,10.3,9.8,9.2,8.4,7.7,6.9,6.3,5.7,5.3,5,4.8,4.6,4.4,4.2,3.9,3.6,3.4,3.2,3,2.9,2.9,2.9,2.8,2.8,2.8,2.8,2.8,2.8,2.7,2.7,2.7,2.6,2.5,2.4,2.2
Solomon Islands,SLB,"Mortality rate, under-5 (per 1,000 live births)",85.7,79.8,74.5,77.6,65.1,61.1,57.7,54.8,52.3,50.1,48.1,46.4,44.9,43.5,42.2,41.1,40.1,39.1,38.1,37.1,36.2,35.2,34.3,33.5,32.8,32.2,31.7,31.2,30.7,30.4,30.1,29.8,29.6,29.3,28.9,28.4,27.8,27.1,26.4,25.6,24.9,24.2,23.4,22.7,22,21.4,20.7,20,19.4
Sierra Leone,SLE,"Mortality rate, under-5 (per 1,000 live births)",322.5,317.6,312.6,308,303.4,298.9,294.8,290.9,287.2,283.7,280.4,277.1,274.2,271.4,268.6,266.1,263.8,261.5,259.6,257.7,255.6,253.3,250.6,247.5,243.8,239.6,235,230,224.9,219.4,213.9,208.1,202,195.5,188.9,182,174.9,167.7,160.6,153.8,147.3,141.2,139.2,140.2,125.4,120.7,116.2,111.9,107.8
El Salvador,SLV,"Mortality rate, under-5 (per 1,000 live births)",143,139.3,135.3,131,126.3,121.4,116.3,111.1,125.2,100.4,95.1,89.9,84.8,79.9,75.3,71,67.1,63.5,60,56.8,53.7,50.7,47.8,45,42.3,39.7,37.3,35.2,33.2,31.3,29.6,28.1,26.6,25.1,23.8,22.6,21.4,20.4,19.4,18.5,17.6,16.8,16.1,15.5,14.9,14.3,13.8,13.3,12.9
San Marino,SMR,"Mortality rate, under-5 (per 1,000 live births)",NA,NA,NA,NA,NA,NA,NA,NA,NA,NA,NA,NA,NA,22.6,20.5,18.6,16.9,15.3,13.9,12.6,11.5,10.5,9.5,8.7,8,7.3,6.7,6.1,5.6,5.2,4.8,4.5,4.2,3.9,3.6,3.4,3.2,3,2.9,2.7,2.6,2.4,2.3,2.2,2.1,2,1.9,1.8,1.8
Somalia,SOM,"Mortality rate, under-5 (per 1,000 live births)",NA,NA,NA,NA,NA,NA,NA,NA,NA,NA,198.8,195.7,193,191.2,189.5,187.6,186,183.4,180.1,176.5,174,172.9,172.7,172.7,172.7,172.7,172.7,172.7,172.7,172.7,172.7,172.7,172.7,172.6,172,170.1,166.5,161.9,157.4,152.8,147.8,143,138.4,134.3,130.3,126.1,122,118.3,114.6
Serbia,SRB,"Mortality rate, under-5 (per 1,000 live births)",NA,NA,NA,NA,NA,NA,NA,NA,NA,NA,NA,NA,40.6,39.1,37.6,36,34,31.4,28.3,25.6,24.1,23.2,21.8,19.7,17.4,15.5,14,13.1,12.6,12.2,11.5,10.5,9.7,8.9,8.4,8.1,8,7.8,7.6,7.4,7.1,6.9,6.6,6.3,6,5.9,5.8,5.7,5.6
South Sudan,SSD,"Mortality rate, under-5 (per 1,000 live births)",314.8,311.2,308.3,305.1,301.6,298.1,295,291.6,288.3,285.3,282.3,279.1,275.9,272.2,268,263.9,259.6,255.1,250.5,245.8,240.2,234.2,227.8,220.9,213.9,206.4,198.2,189.8,181.2,172.1,163.4,155.1,147.3,139.7,132.7,126.1,119.9,114,108.4,103.5,100,98.3,97.9,97.9,97.9,97.9,97.9,97.9,97.9
Sao Tome and Principe,STP,"Mortality rate, under-5 (per 1,000 live births)",86,86.6,87.3,87.8,88.3,88.8,89.3,89.9,90.7,91.9,93.5,95.4,97.6,100,114.4,104.1,105.7,107.1,108.2,108.9,109.1,108.5,106.9,104.5,101.2,97.1,92.5,87.4,82,76.5,71,65.6,60.4,55.5,50.9,46.7,42.9,39.3,36.1,33,30.2,27.7,25.3,23.1,21.2,19.5,18.1,17,16.1
Suriname,SUR,"Mortality rate, under-5 (per 1,000 live births)",NA,NA,NA,NA,NA,NA,NA,NA,NA,NA,NA,57.1,55.1,53.4,51.6,49.9,48.3,46.7,45.1,43.6,42,40.5,39,37.6,36.2,34.9,33.6,32.4,31.2,30.1,29.1,28.2,27.3,26.5,25.7,25,24.4,23.7,23.1,22.5,22,21.4,20.9,20.3,19.8,19.3,18.7,18.1,17.6
Slovak Republic,SVK,"Mortality rate, under-5 (per 1,000 live births)",NA,NA,NA,NA,NA,NA,NA,NA,NA,21.6,20.7,19.9,19,18.2,17.4,16.7,16,15.3,14.7,14.1,13.6,13,12.5,11.9,11.5,11,10.5,10.1,9.8,9.4,9.1,8.8,8.5,8.2,7.9,7.7,7.4,7.2,7,6.8,6.6,6.5,6.4,6.2,6.1,6,5.9,5.8,5.8
Slovenia,SVN,"Mortality rate, under-5 (per 1,000 live births)",NA,NA,NA,NA,NA,NA,NA,NA,NA,18,17,16.1,15.2,14.4,13.5,12.7,11.9,11.1,10.4,9.7,9,8.5,7.9,7.4,6.9,6.5,6.1,5.8,5.5,5.2,4.9,4.7,4.4,4.2,4,3.8,3.6,3.4,3.2,3.1,2.9,2.8,2.7,2.6,2.5,2.4,2.3,2.3,2.2
Sweden,SWE,"Mortality rate, under-5 (per 1,000 live births)",12.3,11.6,11,10.4,9.8,9.4,9,8.7,8.4,8.2,8,7.8,7.7,7.6,7.5,7.4,7.3,7.2,7,6.6,6.2,5.7,5.2,4.8,4.5,4.3,4.2,4.1,4.1,4.1,4,3.9,3.7,3.6,3.4,3.3,3.2,3.1,3.1,3,3,2.9,2.9,2.9,2.8,2.8,2.7,2.7,2.6
Eswatini,SWZ,"Mortality rate, under-5 (per 1,000 live births)",159.7,153.9,148,142.1,136.1,130.4,124.9,119.5,114,108.4,102.8,107.9,91.6,86.3,81.3,76.7,72.7,69.6,67.4,66.8,68.2,71.7,77,83.5,90,96.2,102,107.2,112.2,115.8,117.7,119.2,119.7,119.4,109,103.8,101.9,96,85.5,73.4,66,62.5,62.4,57.2,55.6,57.9,52.2,48,46.6
Sint Maarten (Dutch part),SXM,"Mortality rate, under-5 (per 1,000 live births)",NA,NA,NA,NA,NA,NA,NA,NA,NA,NA,NA,NA,NA,NA,NA,NA,NA,NA,NA,NA,NA,NA,NA,NA,NA,NA,NA,NA,NA,NA,NA,NA,NA,NA,NA,NA,NA,NA,NA,NA,NA,NA,NA,NA,NA,NA,NA,NA,NA
Seychelles,SYC,"Mortality rate, under-5 (per 1,000 live births)",65.5,60.5,55.6,50.8,46.1,41.6,37.5,33.7,30.4,27.6,25.2,23.3,21.7,20.4,19.3,18.4,17.6,16.9,16.3,15.8,15.3,14.9,14.6,14.4,14.1,14,13.9,13.8,13.8,13.7,13.7,13.7,13.7,13.7,13.8,13.8,13.9,14,14.1,14.2,14.4,14.5,14.7,14.8,14.8,14.7,14.5,14.3,13.9
Syrian Arab Republic,SYR,"Mortality rate, under-5 (per 1,000 live births)",93.7,88.9,84.3,80,75.7,71.6,67.6,63.8,60.1,63,70.2,50.6,47.9,45.5,43.4,41.5,39.7,38.2,36.7,35.2,33.7,32.2,30.7,29.2,27.8,26.4,25.2,24,23,22.1,21.4,20.7,20.1,19.7,19.3,19.1,18.9,18.8,18.9,20.1,37,45.3,47,41.6,39.5,23.5,23.4,22.2,22.4
Turks and Caicos Islands,TCA,"Mortality rate, under-5 (per 1,000 live births)",NA,NA,NA,NA,NA,NA,NA,NA,NA,NA,NA,NA,NA,NA,NA,NA,NA,NA,NA,NA,NA,NA,NA,NA,NA,NA,NA,NA,NA,NA,NA,NA,NA,NA,NA,NA,NA,NA,NA,NA,NA,NA,NA,NA,NA,NA,NA,NA,NA
Chad,TCD,"Mortality rate, under-5 (per 1,000 live births)",252.9,251.5,249.9,248.6,247.1,245.5,243.9,242.1,240.2,237.9,235.5,232.8,229.9,227,224,221.1,218.1,215.1,212.1,209.2,206.4,203.7,201.2,198.8,196.3,193.6,190.6,187.4,184,180.5,177.1,173.8,170.4,166.9,163.3,159.6,155.7,151.7,147.7,143.7,139.8,135.9,132.3,128.7,124.9,121.1,117.3,113.5,110
Togo,TGO,"Mortality rate, under-5 (per 1,000 live births)",216.6,211.7,206.9,202.1,197.3,192.7,188.2,183.7,179.3,175,171,167.2,163.6,160.3,157.2,154.4,151.9,149.6,147.5,145.5,143.5,141.4,139,136.3,133.5,130.3,127,123.5,119.9,116.4,112.9,109.5,106.3,103.1,100.1,97.3,94.4,91.7,89,86.2,83.5,80.9,78.3,75.9,73.4,71.1,68.8,66.5,64.4
Thailand,THA,"Mortality rate, under-5 (per 1,000 live births)",89.8,85.5,81.3,77.4,73.7,70.2,66.9,63.8,60.8,58,55.4,52.8,50.4,48,45.7,43.5,41.3,39.2,37.1,35.1,33.3,31.5,29.9,28.4,27,25.6,24.3,23.1,22,20.9,19.9,18.9,18,17.2,16.4,15.6,14.9,14.2,13.6,13,12.4,11.8,11.3,10.8,10.3,9.9,9.4,9,8.7
Tajikistan,TJK,"Mortality rate, under-5 (per 1,000 live births)",156.4,151,145.9,141.2,137.3,134.3,132.1,130.8,129.9,129.3,128.4,126.4,123.2,119.1,114,108.9,104.7,102.3,102.3,105.2,109.8,113.2,113.8,111.7,107.7,102.5,96.4,90,83.6,77.2,71,65.2,60.1,55.6,51.9,48.8,46.3,44.3,42.7,41.4,40.3,39.4,38.4,37.5,36.5,35.3,34.3,33.3,32.3
Turkmenistan,TKM,"Mortality rate, under-5 (per 1,000 live births)",NA,NA,NA,NA,NA,133.5,128.7,124.1,119.4,114.6,109.9,105,100.3,95.7,91.3,87.4,84,81.4,79.5,78.6,78.6,78.9,79.3,79.4,79.1,77.9,75.9,73.1,69.7,66,62.2,58.6,55.2,52.3,49.6,47.4,45.5,44.1,43.1,42.5,42,41.9,42,42.2,42.5,42.9,42.8,42.4,41.8
Timor-Leste,TLS,"Mortality rate, under-5 (per 1,000 live births)",NA,NA,NA,NA,NA,NA,NA,NA,NA,NA,NA,NA,NA,222,211.8,202,192.5,183.6,175.2,167.3,159.9,152.6,145.5,138.8,132.2,125.8,119.5,113.5,107.7,102.1,96.5,91.2,86,80.9,76.1,71.6,67.7,64.4,61.5,58.8,56.3,54.2,52.1,50.2,48.4,46.8,45.1,43.7,42.3
Tonga,TON,"Mortality rate, under-5 (per 1,000 live births)",43.1,40.8,38.6,36.7,35,33.4,31.9,30.6,29.4,28.4,27.5,26.8,26.2,25.6,25,24.4,23.7,22.9,22.1,21.3,20.6,19.9,19.3,18.8,18.4,18.1,17.7,17.3,16.9,16.5,16,15.6,15.1,14.7,14.3,14,13.7,13.4,13.2,12.9,12.8,12.6,12.5,12.4,12.3,12.1,11.9,11.7,11.4
Trinidad and Tobago,TTO,"Mortality rate, under-5 (per 1,000 live births)",49.6,48.4,47.2,46,44.7,43.3,42,40.6,39.4,38.1,36.9,35.8,34.8,33.8,33,32.2,31.5,30.8,30.3,29.7,29.3,29,28.7,28.5,28.3,28.2,28,28,27.9,27.7,27.4,27,26.4,25.9,25.2,24.4,23.8,23.2,22.5,21.8,21.2,20.6,19.9,19.3,18.8,18.3,17.7,17.2,16.6
Tunisia,TUN,"Mortality rate, under-5 (per 1,000 live births)",161,151.8,142.8,134,125.2,116.8,108.9,101.7,95.3,89.6,84.4,79.6,75,70.9,67,63.6,60.5,57.8,55.3,52.9,50.5,48.1,45.5,42.8,40.1,37.3,34.6,32.2,29.9,27.9,26.1,24.6,23.2,22,21,20.2,19.4,18.9,18.4,18,17.7,17.5,17.3,17.2,17.1,17.1,17,16.9,16.6
Turkiye,TUR,"Mortality rate, under-5 (per 1,000 live births)",175.8,170,164.1,158.1,152.1,146.1,140.1,134,127.9,121.8,115.8,109.9,104.1,98.6,93.3,88.2,83.3,78.6,74.2,69.8,65.6,61.5,57.6,53.9,50.4,47,43.8,40.8,37.9,35.3,32.7,30.4,28.2,26.2,24.3,22.5,20.9,19.5,18.1,16.9,15.8,14.7,13.8,13,12.1,11.4,10.7,10.1,9.5
Tuvalu,TUV,"Mortality rate, under-5 (per 1,000 live births)",95.4,90.2,84.9,80.1,75.8,71.9,68.6,65.7,63.1,61,59.1,57.5,56.2,55.3,54.6,54.1,53.7,53.2,52.8,52.2,51.5,50.7,49.7,48.6,47.3,46,44.6,43.3,42.1,41.2,40.3,39.5,38.7,37.7,36.6,35.3,34,32.6,31.3,30.1,29,27.9,26.9,26,25.1,24.3,23.5,22.7,22
Tanzania,TZA,"Mortality rate, under-5 (per 1,000 live births)",207.8,203.9,199.9,195.6,191.3,187.1,183.3,180,178.1,177.4,177.5,178,178.1,177.5,175.8,173.5,170.7,168,165.6,163.6,161.8,160.1,158.2,155.9,152.8,148.6,143.4,137,129.7,121.9,114,106.5,99.9,93.9,88.8,83.8,79.6,75.4,71.9,68.4,65.3,62.7,59.9,58.1,56,54.1,52.1,50.5,48.9
Uganda,UGA,"Mortality rate, under-5 (per 1,000 live births)",192.5,194.5,197.7,201.8,206.4,211,215.1,217.8,219.8,218.2,213.7,207.8,201.9,197.5,194.2,191.8,189.5,186.7,183.1,178.9,174.5,170.7,167.6,165.4,163.2,160.5,156.9,152.1,146.1,139.3,131.6,123.5,115.1,107.1,99.6,92.8,86.8,81.5,76.3,71.6,66.7,62.3,58.8,55.7,52.4,49.9,47.4,45.3,43.3
Ukraine,UKR,"Mortality rate, under-5 (per 1,000 live births)",31.9,30.9,30.1,29.3,28.7,28.1,27.6,27,26.4,25.7,24.8,23.9,23,22.1,21.3,20.5,20,19.5,19.3,19.3,19.5,19.8,20.1,20.2,20.3,20,19.6,19,18.3,17.4,16.6,15.8,15.1,14.5,14,13.4,12.9,12.3,11.7,11.2,10.7,10.2,9.8,9.5,9.2,8.9,8.6,8.4,8.1
Uruguay,URY,"Mortality rate, under-5 (per 1,000 live births)",53.2,54,54.9,55.2,54.4,52.1,48.5,44.1,39.6,35.8,32.9,30.9,29.5,28.5,27.4,26.2,25,23.8,22.9,22.2,21.7,21.3,21,20.5,19.9,19.1,18.3,17.5,17,16.5,16.2,15.7,15.1,14.4,13.5,12.6,11.8,11.2,10.7,10.3,10,9.7,9.3,8.9,8.4,7.8,7.3,6.7,6.2
United States,USA,"Mortality rate, under-5 (per 1,000 live births)",21.5,20.6,19.7,18.8,17.9,17.1,16.3,15.6,15,14.4,13.9,13.4,13,12.7,12.4,12.1,11.9,11.6,11.2,10.9,10.5,10.1,9.8,9.5,9.2,8.9,8.8,8.6,8.4,8.3,8.2,8.1,8.1,8,7.9,7.7,7.6,7.5,7.3,7.2,7.1,7,6.9,6.8,6.7,6.6,6.5,6.4,6.3
Uzbekistan,UZB,"Mortality rate, under-5 (per 1,000 live births)",NA,NA,NA,NA,NA,NA,NA,126.7,117.8,109.8,102.4,95.6,89.6,84.3,79.8,76.1,73.2,71.4,70.6,70.4,70.3,70.3,70.1,69.5,68.6,67.3,65.7,63.5,60.7,57.4,53.9,50.4,46.8,43.4,40.1,37,34,31.3,28.7,26.4,24.4,22.5,20.8,19.3,18,16.8,15.8,14.8,13.9
St. Vincent and the Grenadines,VCT,"Mortality rate, under-5 (per 1,000 live births)",74,74.9,75.5,74.8,72.4,68.6,63.6,58.2,52.8,47.9,43.2,39,35.3,32.2,29.6,27.6,25.9,24.7,23.8,23.1,22.6,22.3,22.2,22.2,22.2,22.3,22.3,22.3,22.2,22,21.9,21.7,21.6,21.5,21.3,21.1,20.8,20.4,19.8,19.2,18.6,18,17.4,16.7,16.2,15.6,15.1,14.6,14.1
"Venezuela, RB",VEN,"Mortality rate, under-5 (per 1,000 live births)",59.1,57.1,55.4,53.6,51.8,49.9,48,46,44.1,42.2,40.5,39,37.6,36.2,34.9,33.6,32.2,30.8,29.5,28.5,27.8,27.2,26.8,26.3,25.5,24.5,23.5,44.4,21.6,20.9,20.3,19.8,19.1,18.5,17.9,17.4,17.2,17,17.1,17.2,17.3,17.6,18,19.1,24.2,24.2,24.2,24.2,24.2
British Virgin Islands,VGB,"Mortality rate, under-5 (per 1,000 live births)",NA,NA,NA,NA,NA,NA,NA,NA,NA,NA,NA,NA,NA,NA,NA,NA,NA,NA,NA,NA,NA,NA,NA,NA,NA,NA,NA,NA,NA,NA,NA,NA,NA,NA,NA,NA,NA,NA,NA,NA,NA,NA,NA,NA,NA,NA,NA,NA,NA
Virgin Islands (U.S.),VIR,"Mortality rate, under-5 (per 1,000 live births)",NA,NA,NA,NA,NA,NA,NA,NA,NA,NA,NA,NA,NA,NA,NA,NA,NA,NA,NA,NA,NA,NA,NA,NA,NA,NA,NA,NA,NA,NA,NA,NA,NA,NA,NA,NA,NA,NA,NA,NA,NA,NA,NA,NA,NA,NA,NA,NA,NA
Vietnam,VNM,"Mortality rate, under-5 (per 1,000 live births)",81,79.9,78.6,77.2,75.8,74.2,72.6,70.9,69.3,67.7,66.2,64.8,63.4,62,60.4,58.5,56.4,54.1,51.6,49,46.5,43.9,41.5,39.1,36.8,34.8,32.9,31.3,29.8,28.5,27.4,26.4,25.6,24.9,24.4,23.9,23.5,23.2,22.9,22.7,22.4,22.2,22,21.8,21.6,21.4,21.3,21.1,20.9
Vanuatu,VUT,"Mortality rate, under-5 (per 1,000 live births)",98.7,94.6,90.9,87.2,83.5,79.8,75.9,71.8,67.6,63.3,59.1,54.8,50.8,47.3,44.1,41.3,38.9,37,35.3,33.9,32.7,31.7,30.8,30.2,29.7,29.4,29.1,28.8,28.5,28.3,28.1,28.1,28.1,28.2,28.4,28.6,28.8,29,29.1,29.3,29.3,29.1,28.8,28.2,27.6,26.9,26.3,25.6,24.9
Samoa,WSM,"Mortality rate, under-5 (per 1,000 live births)",65.3,62.2,59.1,56.2,53.4,50.7,48.2,45.9,43.7,41.8,40.1,38.5,37,35.6,34.2,33,31.9,30.8,29.9,29,28.1,27.2,26.2,25.3,24.4,23.6,22.8,21.9,21.2,20.6,20.1,19.7,19.4,19.3,19.3,19.3,19.3,25.7,19.3,19.2,19.1,18.9,18.7,18.6,18.4,18.1,17.8,17.4,17
Kosovo,XKX,"Mortality rate, under-5 (per 1,000 live births)",NA,NA,NA,NA,NA,NA,NA,NA,NA,NA,NA,NA,NA,NA,NA,NA,NA,NA,NA,NA,NA,NA,NA,NA,NA,NA,NA,NA,NA,NA,NA,NA,NA,NA,NA,NA,NA,NA,NA,NA,NA,NA,NA,NA,NA,NA,NA,NA,NA
"Yemen, Rep.",YEM,"Mortality rate, under-5 (per 1,000 live births)",306.7,295.6,284.2,272.5,260.3,247.8,235,222,209.1,196.7,184.7,173.4,163.3,154.6,147.2,140.8,135.3,130.5,126.4,122.8,119.6,116.7,114.2,111.9,109.6,106.8,103.4,99.4,95,90.3,85.7,81.2,76.9,73,69.1,65.6,62.4,60.1,58.8,58.5,58.8,58.4,58.7,60.7,60.3,60.2,61.6,61.5,59.6
South Africa,ZAF,"Mortality rate, under-5 (per 1,000 live births)",NA,NA,130.5,123.7,117.2,111.1,105.4,100,95,90.2,85.8,81.7,77.9,74.4,71.1,68.1,65.3,62.9,60.9,59.6,58.9,59.1,60.1,61.7,63.8,65.6,67.8,70,71.5,73.1,74.3,75.7,77.7,78.8,79.2,75.3,68.9,60.3,52,45.6,41.5,39.3,37.6,36.3,35.2,34.6,33.9,33,32.2
Zambia,ZMB,"Mortality rate, under-5 (per 1,000 live births)",170.7,165,159.9,156.3,154.6,154.3,154.8,155.5,156.4,157.1,158,159.9,163.1,167.1,171.3,175.3,178.2,180.2,181.5,182.2,181.9,180.4,177.5,174.1,170.9,168.2,165.3,161.6,155.9,146.9,136.1,125.4,115.2,106.2,98.5,93.2,88.7,83.6,79,76.8,74.7,71.1,68.3,67.7,65.3,64.6,65.4,64.1,61.4
Zimbabwe,ZWE,"Mortality rate, under-5 (per 1,000 live births)",114.3,114,113.9,114.1,114.3,114.3,113.8,112.2,109.5,105.4,99.9,93.8,87.8,82.5,78.5,76.3,75.6,76.5,78.9,82,86,90.2,93.9,97,98.9,99.3,98.5,97.1,95.5,93.8,92.6,91.6,92.4,93.1,95,95.7,94.5,91.3,86.4,80.8,72.2,66.3,62.7,61.3,58.7,57,54.8,54.2,53.9
